#
# There is insufficient memory for the Java Runtime Environment to continue.
# Native memory allocation (mmap) failed to map 65536 bytes for Failed to commit metaspace.
# Possible reasons:
#   The system is out of physical RAM or swap space
#   The process is running with CompressedOops enabled, and the Java Heap may be blocking the growth of the native heap
# Possible solutions:
#   Reduce memory load on the system
#   Increase physical memory or swap space
#   Check if swap backing store is full
#   Decrease Java heap size (-Xmx/-Xms)
#   Decrease number of Java threads
#   Decrease Java thread stack sizes (-Xss)
#   Set larger code cache with -XX:ReservedCodeCacheSize=
#   JVM is running with Zero Based Compressed Oops mode in which the Java heap is
#     placed in the first 32GB address space. The Java Heap base address is the
#     maximum limit for the native heap growth. Please use -XX:HeapBaseMinAddress
#     to set the Java Heap base and to place the Java Heap above 32GB virtual address.
# This output file may be truncated or incomplete.
#
#  Out of Memory Error (virtualSpaceNode.cpp:110), pid=14088, tid=21660
#
# JRE version: Java(TM) SE Runtime Environment (20.0.1+9) (build 20.0.1+9-29)
# Java VM: Java HotSpot(TM) 64-Bit Server VM (20.0.1+9-29, mixed mode, sharing, tiered, compressed oops, compressed class ptrs, g1 gc, windows-amd64)
# No core dump will be written. Minidumps are not enabled by default on client versions of Windows
#

---------------  S U M M A R Y ------------

Command Line: -agentlib:jdwp=transport=dt_socket,server=n,suspend=y,address=localhost:55197 -XX:+ShowCodeDetailsInExceptionMessages com.agrifarms.common.AgriFarmsCommonServiceApplication

Host: 11th Gen Intel(R) Core(TM) i5-1135G7 @ 2.40GHz, 8 cores, 23G,  Windows 11 , 64 bit Build 26100 (10.0.26100.7705)
Time: Thu Jun 25 17:50:25 2026 India Standard Time elapsed time: 0.708326 seconds (0d 0h 0m 0s)

---------------  T H R E A D  ---------------

Current thread (0x00000214e1db9f80):  JavaThread "main" [_thread_in_vm, id=21660, stack(0x000000dfcdc00000,0x000000dfcdd00000)]

Stack: [0x000000dfcdc00000,0x000000dfcdd00000]
Native frames: (J=compiled Java code, j=interpreted, Vv=VM code, C=native code)
V  [jvm.dll+0x6bb95a]
V  [jvm.dll+0x8485fa]
V  [jvm.dll+0x84a1f5]
V  [jvm.dll+0x84a8f3]
V  [jvm.dll+0x280b0f]
V  [jvm.dll+0x84453b]
V  [jvm.dll+0x65fd86]
V  [jvm.dll+0x1eb4e7]
V  [jvm.dll+0x6627a2]
V  [jvm.dll+0x66258e]
V  [jvm.dll+0x66079e]
V  [jvm.dll+0x26c66f]
V  [jvm.dll+0x66add5]
V  [jvm.dll+0x21b442]
V  [jvm.dll+0x21b975]
V  [jvm.dll+0x21c361]
V  [jvm.dll+0x211780]
V  [jvm.dll+0x59c26c]
V  [jvm.dll+0x7c3693]
V  [jvm.dll+0x7c3774]
V  [jvm.dll+0x46c524]
V  [jvm.dll+0x471a88]
C  [java.dll+0x17ec]

Java frames: (J=compiled Java code, j=interpreted, Vv=VM code)
j  java.lang.ClassLoader.defineClass1(Ljava/lang/ClassLoader;Ljava/lang/String;[BIILjava/security/ProtectionDomain;Ljava/lang/String;)Ljava/lang/Class;+0 java.base@20.0.1
j  java.lang.ClassLoader.defineClass(Ljava/lang/String;[BIILjava/security/ProtectionDomain;)Ljava/lang/Class;+27 java.base@20.0.1
j  java.security.SecureClassLoader.defineClass(Ljava/lang/String;[BIILjava/security/CodeSource;)Ljava/lang/Class;+12 java.base@20.0.1
j  jdk.internal.loader.BuiltinClassLoader.defineClass(Ljava/lang/String;Ljdk/internal/loader/Resource;)Ljava/lang/Class;+117 java.base@20.0.1
j  jdk.internal.loader.BuiltinClassLoader.findClassOnClassPathOrNull(Ljava/lang/String;)Ljava/lang/Class;+37 java.base@20.0.1
J 513 c1 jdk.internal.loader.BuiltinClassLoader.loadClassOrNull(Ljava/lang/String;Z)Ljava/lang/Class; java.base@20.0.1 (143 bytes) @ 0x00000214e9f2d45c [0x00000214e9f2c9c0+0x0000000000000a9c]
j  jdk.internal.loader.BuiltinClassLoader.loadClass(Ljava/lang/String;Z)Ljava/lang/Class;+3 java.base@20.0.1
j  jdk.internal.loader.ClassLoaders$AppClassLoader.loadClass(Ljava/lang/String;Z)Ljava/lang/Class;+36 java.base@20.0.1
j  java.lang.ClassLoader.loadClass(Ljava/lang/String;)Ljava/lang/Class;+3 java.base@20.0.1
v  ~StubRoutines::call_stub 0x00000214f13810e7
j  org.springframework.util.ClassUtils.<clinit>()V+55
v  ~StubRoutines::call_stub 0x00000214f13810e7
j  org.springframework.boot.WebApplicationType.deduceFromClasspath()Lorg/springframework/boot/WebApplicationType;+3
j  org.springframework.boot.SpringApplication.<init>(Lorg/springframework/core/io/ResourceLoader;[Ljava/lang/Class;)V+105
j  org.springframework.boot.SpringApplication.<init>([Ljava/lang/Class;)V+3
j  org.springframework.boot.SpringApplication.run([Ljava/lang/Class;[Ljava/lang/String;)Lorg/springframework/context/ConfigurableApplicationContext;+5
j  org.springframework.boot.SpringApplication.run(Ljava/lang/Class;[Ljava/lang/String;)Lorg/springframework/context/ConfigurableApplicationContext;+9
j  com.agrifarms.common.AgriFarmsCommonServiceApplication.main([Ljava/lang/String;)V+14
v  ~StubRoutines::call_stub 0x00000214f13810e7

Compiled method (c1)     722  513   !   3       jdk.internal.loader.BuiltinClassLoader::loadClassOrNull (143 bytes)
 total in heap  [0x00000214e9f2c710,0x00000214e9f2e030] = 6432
 relocation     [0x00000214e9f2c858,0x00000214e9f2c9b8] = 352
 main code      [0x00000214e9f2c9c0,0x00000214e9f2d8d8] = 3864
 stub code      [0x00000214e9f2d8d8,0x00000214e9f2d998] = 192
 metadata       [0x00000214e9f2d998,0x00000214e9f2da00] = 104
 scopes data    [0x00000214e9f2da00,0x00000214e9f2dca8] = 680
 scopes pcs     [0x00000214e9f2dca8,0x00000214e9f2de98] = 496
 dependencies   [0x00000214e9f2de98,0x00000214e9f2deb8] = 32
 handler table  [0x00000214e9f2deb8,0x00000214e9f2e008] = 336
 nul chk table  [0x00000214e9f2e008,0x00000214e9f2e030] = 40

[Constant Pool (empty)]

[MachCode]
[Entry Point]
  # {method} {0x0000000800069738} 'loadClassOrNull' '(Ljava/lang/String;Z)Ljava/lang/Class;' in 'jdk/internal/loader/BuiltinClassLoader'
  # this:     rdx:rdx   = 'jdk/internal/loader/BuiltinClassLoader'
  # parm0:    r8:r8     = 'java/lang/String'
  # parm1:    r9        = boolean
  #           [sp+0xf0]  (sp of caller)
  0x00000214e9f2c9c0: 448b 5208 | 49bb 0000 | 0000 0800 | 0000 4d03 | d34c 3bd0 

  0x00000214e9f2c9d4: ;   {runtime_call ic_miss_stub}
  0x00000214e9f2c9d4: 0f85 267b | 4b07 660f | 1f44 0000 
[Verified Entry Point]
  0x00000214e9f2c9e0: 8984 2400 | 80ff ff55 | 4881 ece0 | 0000 0090 | 4181 7f20 | 0100 0000 

  0x00000214e9f2c9f8: ;   {runtime_call StubRoutines (2)}
  0x00000214e9f2c9f8: 7405 e841 | 204d 0748 | 8954 2468 | 4489 4c24 

  0x00000214e9f2ca08: ;   {metadata(method data for {method} {0x0000000800069738} 'loadClassOrNull' '(Ljava/lang/String;Z)Ljava/lang/Class;' in 'jdk/internal/loader/BuiltinClassLoader')}
  0x00000214e9f2ca08: 7848 be38 | 0e16 8614 | 0200 008b | becc 0000 | 0083 c702 | 89be cc00 | 0000 81e7 | fe07 0000 
  0x00000214e9f2ca28: 83ff 000f | 847d 0c00 | 0048 8bf2 

  0x00000214e9f2ca34: ;   {metadata(method data for {method} {0x0000000800069738} 'loadClassOrNull' '(Ljava/lang/String;Z)Ljava/lang/Class;' in 'jdk/internal/loader/BuiltinClassLoader')}
  0x00000214e9f2ca34: 48bf 380e | 1686 1402 | 0000 8b76 | 0849 ba00 | 0000 0008 | 0000 0049 | 03f2 483b | b720 0100 
  0x00000214e9f2ca54: 0075 0d48 | 8387 2801 | 0000 01e9 | 6000 0000 | 483b b730 | 0100 0075 | 0d48 8387 | 3801 0000 
  0x00000214e9f2ca74: 01e9 4a00 | 0000 4883 | bf20 0100 | 0000 7517 | 4889 b720 | 0100 0048 | c787 2801 | 0000 0100 
  0x00000214e9f2ca94: 0000 e929 | 0000 0048 | 83bf 3001 | 0000 0075 | 1748 89b7 | 3001 0000 | 48c7 8738 | 0100 0001 
  0x00000214e9f2cab4: 0000 00e9 | 0800 0000 | 4883 8710 | 0100 0001 | 498b f04c | 8bc6 488b | fa48 8bd7 | 4889 7424 
  0x00000214e9f2cad4: ;   {optimized virtual_call}
  0x00000214e9f2cad4: 7066 90e8 

  0x00000214e9f2cad8: ; ImmutableOopMap {[104]=Oop [112]=Oop }
                      ;*invokevirtual getClassLoadingLock {reexecute=0 rethrow=0 return_oop=0}
                      ; - jdk.internal.loader.BuiltinClassLoader::loadClassOrNull@2 (line 651)
  0x00000214e9f2cad8: 8448 0400 | 488d 9424 | c000 0000 | 488b f048 | 8972 0848 | 8b06 4883 | c801 4889 | 02f0 480f 
  0x00000214e9f2caf8: b116 0f84 | 1200 0000 | 482b c448 | 2507 f0ff | ff48 8902 | 0f85 c20b | 0000 49ff | 8778 0400 
  0x00000214e9f2cb18: 0048 89b4 | 2480 0000 | 0048 8b54 

  0x00000214e9f2cb24: ;   {metadata(method data for {method} {0x0000000800069738} 'loadClassOrNull' '(Ljava/lang/String;Z)Ljava/lang/Class;' in 'jdk/internal/loader/BuiltinClassLoader')}
  0x00000214e9f2cb24: 2468 48be | 380e 1686 | 1402 0000 | 4883 8648 | 0100 0001 

  0x00000214e9f2cb38: ;   {metadata(method data for {method} {0x0000000800436a50} 'findLoadedClass' '(Ljava/lang/String;)Ljava/lang/Class;' in 'java/lang/ClassLoader')}
  0x00000214e9f2cb38: 48ba 3815 | 1686 1402 | 0000 8bb2 | cc00 0000 | 83c6 0289 | b2cc 0000 | 0081 e6fe | ff1f 0083 
  0x00000214e9f2cb58: fe00 0f84 | 870b 0000 

  0x00000214e9f2cb60: ;   {metadata(method data for {method} {0x0000000800436a50} 'findLoadedClass' '(Ljava/lang/String;)Ljava/lang/Class;' in 'java/lang/ClassLoader')}
  0x00000214e9f2cb60: 48ba 3815 | 1686 1402 | 0000 4883 | 8210 0100 | 0001 488b 

  0x00000214e9f2cb74: ;   {static_call}
  0x00000214e9f2cb74: 5424 70e8 

  0x00000214e9f2cb78: ; ImmutableOopMap {[104]=Oop [112]=Oop [128]=Oop [200]=Oop }
                      ;*invokestatic checkName {reexecute=0 rethrow=0 return_oop=0}
                      ; - java.lang.ClassLoader::findLoadedClass@1 (line 1284)
                      ; - jdk.internal.loader.BuiltinClassLoader::loadClassOrNull@10 (line 653)
  0x00000214e9f2cb78: 64c7 fbff 

  0x00000214e9f2cb7c: ;   {metadata(method data for {method} {0x0000000800436a50} 'findLoadedClass' '(Ljava/lang/String;)Ljava/lang/Class;' in 'java/lang/ClassLoader')}
  0x00000214e9f2cb7c: 83f8 0049 | b838 1516 | 8614 0200 | 0048 ba20 | 0100 0000 | 0000 000f | 850a 0000 | 0048 ba30 
  0x00000214e9f2cb9c: 0100 0000 | 0000 0049 | 8b34 1048 | 8d76 0149 | 8934 100f | 850f 0000 

  0x00000214e9f2cbb4: ;   {oop(NULL)}
  0x00000214e9f2cbb4: 0048 be00 | 0000 0000 | 0000 00e9 | 2b00 0000 | 488b 5424 

  0x00000214e9f2cbc8: ;   {metadata(method data for {method} {0x0000000800436a50} 'findLoadedClass' '(Ljava/lang/String;)Ljava/lang/Class;' in 'java/lang/ClassLoader')}
  0x00000214e9f2cbc8: 6849 b838 | 1516 8614 | 0200 0049 | 8380 4001 | 0000 014c | 8b44 2470 | 488b 5424 

  0x00000214e9f2cbe4: ;   {optimized virtual_call}
  0x00000214e9f2cbe4: 6866 90e8 

  0x00000214e9f2cbe8: ; ImmutableOopMap {[104]=Oop [112]=Oop [128]=Oop [200]=Oop }
                      ;*invokevirtual findLoadedClass0 {reexecute=0 rethrow=0 return_oop=0}
                      ; - java.lang.ClassLoader::findLoadedClass@11 (line 1286)
                      ; - jdk.internal.loader.BuiltinClassLoader::loadClassOrNull@10 (line 653)
  0x00000214e9f2cbe8: 542a a207 | 488b f048 

  0x00000214e9f2cbf0: ;   {metadata(method data for {method} {0x0000000800069738} 'loadClassOrNull' '(Ljava/lang/String;Z)Ljava/lang/Class;' in 'jdk/internal/loader/BuiltinClassLoader')}
  0x00000214e9f2cbf0: 83fe 0049 | b838 0e16 | 8614 0200 | 0048 ba80 | 0100 0000 | 0000 000f | 850a 0000 | 0048 ba90 
  0x00000214e9f2cc10: 0100 0000 | 0000 0049 | 8b3c 1048 | 8d7f 0149 | 893c 100f | 8536 0800 | 0048 89b4 | 2488 0000 
  0x00000214e9f2cc30: 0048 8b54 

  0x00000214e9f2cc34: ;   {metadata(method data for {method} {0x0000000800069738} 'loadClassOrNull' '(Ljava/lang/String;Z)Ljava/lang/Class;' in 'jdk/internal/loader/BuiltinClassLoader')}
  0x00000214e9f2cc34: 2468 49b8 | 380e 1686 | 1402 0000 | 4983 80a0 | 0100 0001 | 4c8b 4424 | 7048 8b54 | 2468 0f1f 
  0x00000214e9f2cc54: ;   {optimized virtual_call}
  0x00000214e9f2cc54: 4400 00e8 

  0x00000214e9f2cc58: ; ImmutableOopMap {[104]=Oop [112]=Oop [128]=Oop [136]=Oop [200]=Oop }
                      ;*invokevirtual findLoadedModule {reexecute=0 rethrow=0 return_oop=0}
                      ; - jdk.internal.loader.BuiltinClassLoader::loadClassOrNull@22 (line 658)
  0x00000214e9f2cc58: 644d 0400 | 4889 8424 | 9800 0000 | 4883 f800 

  0x00000214e9f2cc68: ;   {metadata(method data for {method} {0x0000000800069738} 'loadClassOrNull' '(Ljava/lang/String;Z)Ljava/lang/Class;' in 'jdk/internal/loader/BuiltinClassLoader')}
  0x00000214e9f2cc68: 49b8 380e | 1686 1402 | 0000 49b9 | d801 0000 | 0000 0000 | 0f84 0a00 | 0000 49b9 | e801 0000 
  0x00000214e9f2cc88: 0000 0000 | 4b8b 1408 | 488d 5201 | 4b89 1408 | 488b 5424 | 680f 84b2 | 0300 0048 | 3b00 4c8b 
  0x00000214e9f2cca8: ;   {metadata(method data for {method} {0x0000000800069738} 'loadClassOrNull' '(Ljava/lang/String;Z)Ljava/lang/Class;' in 'jdk/internal/loader/BuiltinClassLoader')}
  0x00000214e9f2cca8: c049 b938 | 0e16 8614 

  0x00000214e9f2ccb0: ;   {metadata('jdk/internal/loader/BuiltinClassLoader$LoadedModule')}
  0x00000214e9f2ccb0: 0200 0049 | bab0 da17 | 0008 0000 | 004d 8991 | 0802 0000 | 4983 8110 | 0200 0001 | 8b70 0c48 
  0x00000214e9f2ccd0: c1e6 0348 | 89b4 2490 | 0000 0048 

  0x00000214e9f2ccdc: ;   {metadata(method data for {method} {0x0000000800069738} 'loadClassOrNull' '(Ljava/lang/String;Z)Ljava/lang/Class;' in 'jdk/internal/loader/BuiltinClassLoader')}
  0x00000214e9f2ccdc: 3bf2 49b8 | 380e 1686 | 1402 0000 | 49b9 3002 | 0000 0000 | 0000 0f85 | 0a00 0000 | 49b9 4002 
  0x00000214e9f2ccfc: 0000 0000 | 0000 4b8b | 3c08 488d | 7f01 4b89 | 3c08 0f85 | 3102 0000 

  0x00000214e9f2cd14: ;   {metadata(method data for {method} {0x0000000800069738} 'loadClassOrNull' '(Ljava/lang/String;Z)Ljava/lang/Class;' in 'jdk/internal/loader/BuiltinClassLoader')}
  0x00000214e9f2cd14: 49b8 380e | 1686 1402 | 0000 4983 | 8050 0200 

  0x00000214e9f2cd24: ;   {metadata(method data for {method} {0x0000000800450340} 'isModuleSystemInited' '()Z' in 'jdk/internal/misc/VM')}
  0x00000214e9f2cd24: 0001 49b8 | 5019 1686 | 1402 0000 | 458b 88cc | 0000 0041 | 83c1 0245 | 8988 cc00 | 0000 4181 
  0x00000214e9f2cd44: e1fe ff1f | 0041 83f9 | 000f 84ba 

  0x00000214e9f2cd50: ;   {oop(a 'java/lang/Class'{0x000000069ac09940} = 'jdk/internal/misc/VM')}
  0x00000214e9f2cd50: 0900 0049 | b840 99c0 | 9a06 0000 | 0045 8b80 | 9400 0000 | 4183 f802 

  0x00000214e9f2cd68: ;   {metadata(method data for {method} {0x0000000800450340} 'isModuleSystemInited' '()Z' in 'jdk/internal/misc/VM')}
  0x00000214e9f2cd68: 49b8 5019 | 1686 1402 | 0000 49b9 | 1001 0000 | 0000 0000 | 0f8c 0a00 | 0000 49b9 | 2001 0000 
  0x00000214e9f2cd88: 0000 0000 | 4b8b 3c08 | 488d 7f01 | 4b89 3c08 | 0f8c 1c00 

  0x00000214e9f2cd9c: ;   {metadata(method data for {method} {0x0000000800450340} 'isModuleSystemInited' '()Z' in 'jdk/internal/misc/VM')}
  0x00000214e9f2cd9c: 0000 49b8 | 5019 1686 | 1402 0000 | 41ff 8030 | 0100 0041 | b801 0000 | 00e9 0600 | 0000 41b8 
  0x00000214e9f2cdbc: 0000 0000 | 4183 e001 | 4183 f800 

  0x00000214e9f2cdc8: ;   {metadata(method data for {method} {0x0000000800069738} 'loadClassOrNull' '(Ljava/lang/String;Z)Ljava/lang/Class;' in 'jdk/internal/loader/BuiltinClassLoader')}
  0x00000214e9f2cdc8: 49b8 380e | 1686 1402 | 0000 49b9 | 7002 0000 | 0000 0000 | 0f85 0a00 | 0000 49b9 | 6002 0000 
  0x00000214e9f2cde8: 0000 0000 | 4b8b 3c08 | 488d 7f01 | 4b89 3c08 | 0f85 0d00 | 0000 488b | b424 8800 | 0000 e934 
  0x00000214e9f2ce08: 0200 004c 

  0x00000214e9f2ce0c: ;   {metadata(method data for {method} {0x0000000800069738} 'loadClassOrNull' '(Ljava/lang/String;Z)Ljava/lang/Class;' in 'jdk/internal/loader/BuiltinClassLoader')}
  0x00000214e9f2ce0c: 8bc2 49b9 | 380e 1686 | 1402 0000 | 4983 8180 | 0200 0001 

  0x00000214e9f2ce20: ;   {metadata(method data for {method} {0x0000000800069e70} 'findClassInModuleOrNull' '(Ljdk/internal/loader/BuiltinClassLoader$LoadedModule;Ljava/lang/String;)Ljava/lang/Class;' in 'jdk/internal/loader/BuiltinClassLoader')}
  0x00000214e9f2ce20: 49b8 b01a | 1686 1402 | 0000 458b | 88cc 0000 | 0041 83c1 | 0245 8988 | cc00 0000 | 4181 e1fe 
  0x00000214e9f2ce40: ff1f 0041 | 83f9 000f | 84e1 0800 

  0x00000214e9f2ce4c: ;   {metadata(method data for {method} {0x0000000800069e70} 'findClassInModuleOrNull' '(Ljdk/internal/loader/BuiltinClassLoader$LoadedModule;Ljava/lang/String;)Ljava/lang/Class;' in 'jdk/internal/loader/BuiltinClassLoader')}
  0x00000214e9f2ce4c: 0049 b8b0 | 1a16 8614 | 0200 0049 | 8380 1001 

  0x00000214e9f2ce5c: ;   {metadata(method data for {method} {0x000000080001baa8} 'getSecurityManager' '()Ljava/lang/SecurityManager;' in 'java/lang/System')}
  0x00000214e9f2ce5c: 0000 0149 | b8e0 6d01 | 8614 0200 | 0045 8b88 | cc00 0000 | 4183 c102 | 4589 88cc | 0000 0041 
  0x00000214e9f2ce7c: 81e1 feff | 1f00 4183 | f900 0f84 | c308 0000 

  0x00000214e9f2ce8c: ;   {metadata(method data for {method} {0x000000080001baa8} 'getSecurityManager' '()Ljava/lang/SecurityManager;' in 'java/lang/System')}
  0x00000214e9f2ce8c: 49b8 e06d | 0186 1402 | 0000 4983 | 8010 0100 

  0x00000214e9f2ce9c: ;   {metadata(method data for {method} {0x000000080001bbc0} 'allowSecurityManager' '()Z' in 'java/lang/System')}
  0x00000214e9f2ce9c: 0001 49b8 | 586f 0186 | 1402 0000 | 458b 88cc | 0000 0041 | 83c1 0245 | 8988 cc00 | 0000 4181 
  0x00000214e9f2cebc: e1fe ff1f | 0041 83f9 | 000f 84a5 

  0x00000214e9f2cec8: ;   {metadata(method data for {method} {0x000000080001bbc0} 'allowSecurityManager' '()Z' in 'java/lang/System')}
  0x00000214e9f2cec8: 0800 0049 | b858 6f01 | 8614 0200 | 0041 ff80 | 1001 0000 

  0x00000214e9f2cedc: ;   {metadata(method data for {method} {0x000000080001baa8} 'getSecurityManager' '()Ljava/lang/SecurityManager;' in 'java/lang/System')}
  0x00000214e9f2cedc: 49b8 e06d | 0186 1402 | 0000 41ff | 8020 0100 

  0x00000214e9f2ceec: ;   {metadata(method data for {method} {0x0000000800069e70} 'findClassInModuleOrNull' '(Ljdk/internal/loader/BuiltinClassLoader$LoadedModule;Ljava/lang/String;)Ljava/lang/Class;' in 'jdk/internal/loader/BuiltinClassLoader')}
  0x00000214e9f2ceec: 0049 b8b0 | 1a16 8614 | 0200 0041 | ff80 3001 | 0000 4c8b 

  0x00000214e9f2cf00: ;   {metadata(method data for {method} {0x0000000800069e70} 'findClassInModuleOrNull' '(Ljdk/internal/loader/BuiltinClassLoader$LoadedModule;Ljava/lang/String;)Ljava/lang/Class;' in 'jdk/internal/loader/BuiltinClassLoader')}
  0x00000214e9f2cf00: c249 b9b0 | 1a16 8614 | 0200 0049 | 8381 4001 | 0000 014c | 8b44 2470 | 4c8b c848 | 8bfa 488b 
  0x00000214e9f2cf20: d766 0f1f 

  0x00000214e9f2cf24: ;   {optimized virtual_call}
  0x00000214e9f2cf24: 4400 00e8 

  0x00000214e9f2cf28: ; ImmutableOopMap {[104]=Oop [112]=Oop [128]=Oop [136]=Oop [144]=Oop [152]=Oop [200]=Oop }
                      ;*invokevirtual defineClass {reexecute=0 rethrow=0 return_oop=0}
                      ; - jdk.internal.loader.BuiltinClassLoader::findClassInModuleOrNull@9 (line 741)
                      ; - jdk.internal.loader.BuiltinClassLoader::loadClassOrNull@55 (line 665)
  0x00000214e9f2cf28: d47a 4b07 

  0x00000214e9f2cf2c: ;   {metadata(method data for {method} {0x0000000800069738} 'loadClassOrNull' '(Ljava/lang/String;Z)Ljava/lang/Class;' in 'jdk/internal/loader/BuiltinClassLoader')}
  0x00000214e9f2cf2c: 49b8 380e | 1686 1402 | 0000 41ff | 80b8 0200 | 0048 8bf0 | e9fa 0000 | 0048 3b06 

  0x00000214e9f2cf48: ;   {metadata(method data for {method} {0x0000000800069738} 'loadClassOrNull' '(Ljava/lang/String;Z)Ljava/lang/Class;' in 'jdk/internal/loader/BuiltinClassLoader')}
  0x00000214e9f2cf48: 4c8b c649 | b938 0e16 | 8614 0200 | 0049 8381 | d002 0000 

  0x00000214e9f2cf5c: ;   {metadata(method data for {method} {0x0000000800069f20} 'loadClassOrNull' '(Ljava/lang/String;)Ljava/lang/Class;' in 'jdk/internal/loader/BuiltinClassLoader')}
  0x00000214e9f2cf5c: 0149 b8a0 | 2216 8614 | 0200 0045 | 8b88 cc00 | 0000 4183 | c102 4589 | 88cc 0000 | 0041 81e1 
  0x00000214e9f2cf7c: feff 1f00 | 4183 f900 | 0f84 0c08 | 0000 4c8b 

  0x00000214e9f2cf8c: ;   {metadata(method data for {method} {0x0000000800069f20} 'loadClassOrNull' '(Ljava/lang/String;)Ljava/lang/Class;' in 'jdk/internal/loader/BuiltinClassLoader')}
  0x00000214e9f2cf8c: c649 b9a0 | 2216 8614 | 0200 0045 | 8b40 0849 | ba00 0000 | 0008 0000 | 004d 03c2 | 4d3b 8120 
  0x00000214e9f2cfac: 0100 0075 | 0d49 8381 | 2801 0000 | 01e9 6000 | 0000 4d3b | 8130 0100 | 0075 0d49 | 8381 3801 
  0x00000214e9f2cfcc: 0000 01e9 | 4a00 0000 | 4983 b920 | 0100 0000 | 7517 4d89 | 8120 0100 | 0049 c781 | 2801 0000 
  0x00000214e9f2cfec: 0100 0000 | e929 0000 | 0049 83b9 | 3001 0000 | 0075 174d | 8981 3001 | 0000 49c7 | 8138 0100 
  0x00000214e9f2d00c: 0001 0000 | 00e9 0800 | 0000 4983 | 8110 0100 | 0001 4c8b | 4424 7041 | b900 0000 | 0048 8bd6 
  0x00000214e9f2d02c: 9048 b8ff | ffff ffff 

  0x00000214e9f2d034: ;   {virtual_call}
  0x00000214e9f2d034: ffff ffe8 

  0x00000214e9f2d038: ; ImmutableOopMap {[104]=Oop [112]=Oop [128]=Oop [136]=Oop [144]=Oop [152]=Oop [200]=Oop }
                      ;*invokevirtual loadClassOrNull {reexecute=0 rethrow=0 return_oop=0}
                      ; - jdk.internal.loader.BuiltinClassLoader::loadClassOrNull@3 (line 700)
                      ; - jdk.internal.loader.BuiltinClassLoader::loadClassOrNull@66 (line 669)
  0x00000214e9f2d038: a44c 4b07 

  0x00000214e9f2d03c: ;   {metadata(method data for {method} {0x0000000800069738} 'loadClassOrNull' '(Ljava/lang/String;Z)Ljava/lang/Class;' in 'jdk/internal/loader/BuiltinClassLoader')}
  0x00000214e9f2d03c: 488b f049 | b838 0e16 | 8614 0200 | 0041 ff80 | 0803 0000 | e90a 0400 | 008b 7254 | 48c1 e603 
  0x00000214e9f2d05c: 4883 fe00 

  0x00000214e9f2d060: ;   {metadata(method data for {method} {0x0000000800069738} 'loadClassOrNull' '(Ljava/lang/String;Z)Ljava/lang/Class;' in 'jdk/internal/loader/BuiltinClassLoader')}
  0x00000214e9f2d060: 49b8 380e | 1686 1402 | 0000 49b9 | 3003 0000 | 0000 0000 | 0f85 0a00 | 0000 49b9 | 2003 0000 
  0x00000214e9f2d080: 0000 0000 | 4b8b 3c08 | 488d 7f01 | 4b89 3c08 | 0f85 0d00 | 0000 488b | b424 8800 | 0000 e904 
  0x00000214e9f2d0a0: 0100 0048 | 3b06 4c8b 

  0x00000214e9f2d0a8: ;   {metadata(method data for {method} {0x0000000800069738} 'loadClassOrNull' '(Ljava/lang/String;Z)Ljava/lang/Class;' in 'jdk/internal/loader/BuiltinClassLoader')}
  0x00000214e9f2d0a8: c649 b938 | 0e16 8614 | 0200 0049 | 8381 4003 

  0x00000214e9f2d0b8: ;   {metadata(method data for {method} {0x0000000800069f20} 'loadClassOrNull' '(Ljava/lang/String;)Ljava/lang/Class;' in 'jdk/internal/loader/BuiltinClassLoader')}
  0x00000214e9f2d0b8: 0000 0149 | b8a0 2216 | 8614 0200 | 0045 8b88 | cc00 0000 | 4183 c102 | 4589 88cc | 0000 0041 
  0x00000214e9f2d0d8: 81e1 feff | 1f00 4183 | f900 0f84 | d406 0000 

  0x00000214e9f2d0e8: ;   {metadata(method data for {method} {0x0000000800069f20} 'loadClassOrNull' '(Ljava/lang/String;)Ljava/lang/Class;' in 'jdk/internal/loader/BuiltinClassLoader')}
  0x00000214e9f2d0e8: 4c8b c649 | b9a0 2216 | 8614 0200 | 0045 8b40 | 0849 ba00 | 0000 0008 | 0000 004d | 03c2 4d3b 
  0x00000214e9f2d108: 8120 0100 | 0075 0d49 | 8381 2801 | 0000 01e9 | 6000 0000 | 4d3b 8130 | 0100 0075 | 0d49 8381 
  0x00000214e9f2d128: 3801 0000 | 01e9 4a00 | 0000 4983 | b920 0100 | 0000 7517 | 4d89 8120 | 0100 0049 | c781 2801 
  0x00000214e9f2d148: 0000 0100 | 0000 e929 | 0000 0049 | 83b9 3001 | 0000 0075 | 174d 8981 | 3001 0000 | 49c7 8138 
  0x00000214e9f2d168: 0100 0001 | 0000 00e9 | 0800 0000 | 4983 8110 | 0100 0001 | 4c8b 4424 | 7041 b900 | 0000 0048 
  0x00000214e9f2d188: 8bd6 4889 | b424 a000 | 0000 6666 | 9048 b8b8 | a906 0008 

  0x00000214e9f2d19c: ;   {virtual_call}
  0x00000214e9f2d19c: 0000 00e8 

  0x00000214e9f2d1a0: ; ImmutableOopMap {[104]=Oop [112]=Oop [128]=Oop [136]=Oop [152]=Oop [160]=Oop [200]=Oop }
                      ;*invokevirtual loadClassOrNull {reexecute=0 rethrow=0 return_oop=0}
                      ; - jdk.internal.loader.BuiltinClassLoader::loadClassOrNull@3 (line 700)
                      ; - jdk.internal.loader.BuiltinClassLoader::loadClassOrNull@86 (line 676)
  0x00000214e9f2d1a0: fc4b 4b07 | 488b f048 

  0x00000214e9f2d1a8: ;   {metadata(method data for {method} {0x0000000800069738} 'loadClassOrNull' '(Ljava/lang/String;Z)Ljava/lang/Class;' in 'jdk/internal/loader/BuiltinClassLoader')}
  0x00000214e9f2d1a8: 83fe 0049 | b838 0e16 | 8614 0200 | 0048 ba78 | 0300 0000 | 0000 000f | 850a 0000 | 0048 ba88 
  0x00000214e9f2d1c8: 0300 0000 | 0000 0049 | 8b3c 1048 | 8d7f 0149 | 893c 100f | 857e 0200 | 0048 8b54 | 2468 4c8b 
  0x00000214e9f2d1e8: ;   {metadata(method data for {method} {0x0000000800069738} 'loadClassOrNull' '(Ljava/lang/String;Z)Ljava/lang/Class;' in 'jdk/internal/loader/BuiltinClassLoader')}
  0x00000214e9f2d1e8: c248 bf38 | 0e16 8614 | 0200 0045 | 8b40 0849 | ba00 0000 | 0008 0000 | 004d 03c2 | 4c3b 87a8 
  0x00000214e9f2d208: 0300 0075 | 0d48 8387 | b003 0000 | 01e9 6000 | 0000 4c3b | 87b8 0300 | 0075 0d48 | 8387 c003 
  0x00000214e9f2d228: 0000 01e9 | 4a00 0000 | 4883 bfa8 | 0300 0000 | 7517 4c89 | 87a8 0300 | 0048 c787 | b003 0000 
  0x00000214e9f2d248: 0100 0000 | e929 0000 | 0048 83bf | b803 0000 | 0075 174c | 8987 b803 | 0000 48c7 | 87c0 0300 
  0x00000214e9f2d268: 0001 0000 | 00e9 0800 | 0000 4883 | 8798 0300 

  0x00000214e9f2d278: ;   {metadata(method data for {method} {0x00000008000696e0} 'hasClassPath' '()Z' in 'jdk/internal/loader/BuiltinClassLoader')}
  0x00000214e9f2d278: 0001 49b8 | 3024 1686 | 1402 0000 | 418b b8cc | 0000 0083 | c702 4189 | b8cc 0000 | 0081 e7fe 
  0x00000214e9f2d298: ff1f 0083 | ff00 0f84 | 3905 0000 | 448b 4258 | 49c1 e003 | 4983 f800 

  0x00000214e9f2d2b0: ;   {metadata(method data for {method} {0x00000008000696e0} 'hasClassPath' '()Z' in 'jdk/internal/loader/BuiltinClassLoader')}
  0x00000214e9f2d2b0: 49b8 3024 | 1686 1402 | 0000 48bf | 1001 0000 | 0000 0000 | 0f84 0a00 | 0000 48bf | 2001 0000 
  0x00000214e9f2d2d0: 0000 0000 | 498b 1c38 | 488d 5b01 | 4989 1c38 | 0f84 1c00 

  0x00000214e9f2d2e4: ;   {metadata(method data for {method} {0x00000008000696e0} 'hasClassPath' '()Z' in 'jdk/internal/loader/BuiltinClassLoader')}
  0x00000214e9f2d2e4: 0000 49b8 | 3024 1686 | 1402 0000 | 41ff 8030 | 0100 0041 | b801 0000 | 00e9 0600 | 0000 41b8 
  0x00000214e9f2d304: 0000 0000 | 4183 e001 | 4183 f800 

  0x00000214e9f2d310: ;   {metadata(method data for {method} {0x0000000800069738} 'loadClassOrNull' '(Ljava/lang/String;Z)Ljava/lang/Class;' in 'jdk/internal/loader/BuiltinClassLoader')}
  0x00000214e9f2d310: 49b8 380e | 1686 1402 | 0000 48bf | d003 0000 | 0000 0000 | 0f84 0a00 | 0000 48bf | e003 0000 
  0x00000214e9f2d330: 0000 0000 | 498b 1c38 | 488d 5b01 | 4989 1c38 | 0f84 1901 

  0x00000214e9f2d344: ;   {metadata(method data for {method} {0x0000000800069738} 'loadClassOrNull' '(Ljava/lang/String;Z)Ljava/lang/Class;' in 'jdk/internal/loader/BuiltinClassLoader')}
  0x00000214e9f2d344: 0000 49b8 | 380e 1686 | 1402 0000 | 4983 80f0 | 0300 0001 

  0x00000214e9f2d358: ;   {metadata(method data for {method} {0x0000000800450340} 'isModuleSystemInited' '()Z' in 'jdk/internal/misc/VM')}
  0x00000214e9f2d358: 49b8 5019 | 1686 1402 | 0000 418b | b8cc 0000 | 0083 c702 | 4189 b8cc | 0000 0081 | e7fe ff1f 
  0x00000214e9f2d378: 0083 ff00 | 0f84 7c04 

  0x00000214e9f2d380: ;   {oop(a 'java/lang/Class'{0x000000069ac09940} = 'jdk/internal/misc/VM')}
  0x00000214e9f2d380: 0000 49b8 | 4099 c09a | 0600 0000 | 458b 8094 | 0000 0041 

  0x00000214e9f2d394: ;   {metadata(method data for {method} {0x0000000800450340} 'isModuleSystemInited' '()Z' in 'jdk/internal/misc/VM')}
  0x00000214e9f2d394: 83f8 0249 | b850 1916 | 8614 0200 | 0048 bf10 | 0100 0000 | 0000 000f | 8c0a 0000 | 0048 bf20 
  0x00000214e9f2d3b4: 0100 0000 | 0000 0049 | 8b1c 3848 | 8d5b 0149 | 891c 380f | 8c1c 0000 

  0x00000214e9f2d3cc: ;   {metadata(method data for {method} {0x0000000800450340} 'isModuleSystemInited' '()Z' in 'jdk/internal/misc/VM')}
  0x00000214e9f2d3cc: 0049 b850 | 1916 8614 | 0200 0041 | ff80 3001 | 0000 41b8 | 0100 0000 | e906 0000 | 0041 b800 
  0x00000214e9f2d3ec: 0000 0041 | 83e0 0141 

  0x00000214e9f2d3f4: ;   {metadata(method data for {method} {0x0000000800069738} 'loadClassOrNull' '(Ljava/lang/String;Z)Ljava/lang/Class;' in 'jdk/internal/loader/BuiltinClassLoader')}
  0x00000214e9f2d3f4: 83f8 0049 | b838 0e16 | 8614 0200 | 0048 bf00 | 0400 0000 | 0000 000f | 840a 0000 | 0048 bf10 
  0x00000214e9f2d414: 0400 0000 | 0000 0049 | 8b1c 3848 | 8d5b 0149 | 891c 380f | 8432 0000 | 0048 89b4 | 24a8 0000 
  0x00000214e9f2d434: 004c 8bc2 

  0x00000214e9f2d438: ;   {metadata(method data for {method} {0x0000000800069738} 'loadClassOrNull' '(Ljava/lang/String;Z)Ljava/lang/Class;' in 'jdk/internal/loader/BuiltinClassLoader')}
  0x00000214e9f2d438: 48bf 380e | 1686 1402 | 0000 4883 | 8720 0400 | 0001 4c8b | 4424 7048 | 8bfa 488b 

  0x00000214e9f2d454: ;   {optimized virtual_call}
  0x00000214e9f2d454: d766 90e8 

  0x00000214e9f2d458: ; ImmutableOopMap {[104]=Oop [112]=Oop [128]=Oop [152]=Oop [168]=Oop [200]=Oop }
                      ;*invokevirtual findClassOnClassPathOrNull {reexecute=0 rethrow=0 return_oop=0}
                      ; - jdk.internal.loader.BuiltinClassLoader::loadClassOrNull@111 (line 681)
  0x00000214e9f2d458: 0e05 0000 | 488b f044 | 8b4c 2478 | 4183 f900 

  0x00000214e9f2d468: ;   {metadata(method data for {method} {0x0000000800069738} 'loadClassOrNull' '(Ljava/lang/String;Z)Ljava/lang/Class;' in 'jdk/internal/loader/BuiltinClassLoader')}
  0x00000214e9f2d468: 48b8 380e | 1686 1402 | 0000 48ba | 5804 0000 | 0000 0000 | 0f84 0a00 | 0000 48ba | 6804 0000 
  0x00000214e9f2d488: 0000 0000 | 488b 3c10 | 488d 7f01 | 4889 3c10 | 0f84 b300 | 0000 4883 

  0x00000214e9f2d4a0: ;   {metadata(method data for {method} {0x0000000800069738} 'loadClassOrNull' '(Ljava/lang/String;Z)Ljava/lang/Class;' in 'jdk/internal/loader/BuiltinClassLoader')}
  0x00000214e9f2d4a0: fe00 48b8 | 380e 1686 | 1402 0000 | 48ba 7804 | 0000 0000 | 0000 0f84 | 0a00 0000 | 48ba 8804 
  0x00000214e9f2d4c0: 0000 0000 | 0000 488b | 3c10 488d | 7f01 4889 | 3c10 0f84 | 7900 0000 | 488b 5424 

  0x00000214e9f2d4dc: ;   {metadata(method data for {method} {0x0000000800069738} 'loadClassOrNull' '(Ljava/lang/String;Z)Ljava/lang/Class;' in 'jdk/internal/loader/BuiltinClassLoader')}
  0x00000214e9f2d4dc: 6848 b838 | 0e16 8614 | 0200 0048 | 8380 9804 

  0x00000214e9f2d4ec: ;   {metadata(method data for {method} {0x00000008004369a0} 'resolveClass' '(Ljava/lang/Class;)V' in 'java/lang/ClassLoader')}
  0x00000214e9f2d4ec: 0000 0148 | b898 2816 | 8614 0200 | 008b 90cc | 0000 0083 | c202 8990 | cc00 0000 | 81e2 feff 
  0x00000214e9f2d50c: 1f00 83fa | 000f 8408 | 0300 0048 

  0x00000214e9f2d518: ;   {metadata(method data for {method} {0x00000008004369a0} 'resolveClass' '(Ljava/lang/Class;)V' in 'java/lang/ClassLoader')}
  0x00000214e9f2d518: 83fe 0048 | b898 2816 | 8614 0200 | 0048 ba20 | 0100 0000 | 0000 000f | 840a 0000 | 0048 ba10 
  0x00000214e9f2d538: 0100 0000 | 0000 0048 | 8b3c 1048 | 8d7f 0148 | 893c 100f | 8443 0000 | 0048 8d84 | 24c0 0000 
  0x00000214e9f2d558: 0048 8b10 | 4885 d20f | 840f 0000 | 0048 8b78 | 08f0 480f | b117 0f85 | cc02 0000 | 49ff 8f78 
  0x00000214e9f2d578: 0400 0048 | 8bc6 4881 | c4e0 0000 

  0x00000214e9f2d584: ;   {poll_return}
  0x00000214e9f2d584: 005d 493b | a778 0300 | 000f 87c3 | 0200 00c3 | 4889 b424 | b800 0000 | 0f1f 4000 

  0x00000214e9f2d5a0: ;   {no_reloc}
  0x00000214e9f2d5a0: e9d6 0200 | 0000 0000 | 0000 498b | 87f8 0000 | 0048 8d78 | 3049 3bbf | 0801 0000 | 0f87 c302 
  0x00000214e9f2d5c0: 0000 4989 | bff8 0000 | 0048 c700 | 0100 0000 | 488b ca49 | ba00 0000 | 0008 0000 | 0049 2bca 
  0x00000214e9f2d5e0: 8948 0848 | 33c9 8948 | 0c48 33c9 | 4889 4810 | 4889 4818 | 4889 4820 | 4889 4828 

  0x00000214e9f2d5fc: ;   {metadata(method data for {method} {0x00000008004369a0} 'resolveClass' '(Ljava/lang/Class;)V' in 'java/lang/ClassLoader')}
  0x00000214e9f2d5fc: 488b d048 | be98 2816 | 8614 0200 | 0048 8386 | 3001 0000 | 0148 8bd0 | 4889 8424 | b000 0000 
  0x00000214e9f2d61c: ;   {optimized virtual_call}
  0x00000214e9f2d61c: 6666 90e8 

  0x00000214e9f2d620: ; ImmutableOopMap {[104]=Oop [112]=Oop [128]=Oop [176]=Oop [184]=Oop [200]=Oop }
                      ;*invokespecial <init> {reexecute=0 rethrow=0 return_oop=0}
                      ; - java.lang.ClassLoader::resolveClass@8 (line 1224)
                      ; - jdk.internal.loader.BuiltinClassLoader::loadClassOrNull@128 (line 688)
  0x00000214e9f2d620: dc73 4b07 | 488b 8424 

  0x00000214e9f2d628: ; ImmutableOopMap {rax=Oop [104]=Oop [112]=Oop [128]=Oop [184]=Oop [200]=Oop }
                      ;*athrow {reexecute=1 rethrow=0 return_oop=0}
                      ; - (reexecute) java.lang.ClassLoader::resolveClass@11 (line 1224)
                      ; - jdk.internal.loader.BuiltinClassLoader::loadClassOrNull@128 (line 688)
  0x00000214e9f2d628: b000 0000 

  0x00000214e9f2d62c: ;   {section_word}
  0x00000214e9f2d62c: 48ba 2cd6 | f2e9 1402 

  0x00000214e9f2d634: ;   {runtime_call handle_exception_nofpu Runtime1 stub}
  0x00000214e9f2d634: 0000 e8c5 | b059 0790 | 498b 8728 | 0400 004d | 33d2 4d89 | 9728 0400 | 004d 33d2 | 4d89 9730 
  0x00000214e9f2d654: 0400 0048 | 8bf0 488d | 8424 c000 | 0000 488b | 1048 85d2 | 0f84 0f00 | 0000 488b | 7808 f048 
  0x00000214e9f2d674: 0fb1 170f | 8515 0200 | 0049 ff8f | 7804 0000 | 488b 9c24 | 8000 0000 | 448b 4c24 | 784c 8b44 
  0x00000214e9f2d694: 2470 488b | 7c24 6848 

  0x00000214e9f2d69c: ; ImmutableOopMap {rsi=Oop r8=Oop rdi=Oop rbx=Oop rax=Oop [104]=Oop }
                      ;*athrow {reexecute=1 rethrow=0 return_oop=0}
                      ; - (reexecute) jdk.internal.loader.BuiltinClassLoader::loadClassOrNull@142 (line 691)
                      ;   {section_word}
  0x00000214e9f2d69c: 8bc6 48ba | 9ed6 f2e9 | 1402 0000 

  0x00000214e9f2d6a8: ;   {runtime_call handle_exception_nofpu Runtime1 stub}
  0x00000214e9f2d6a8: e853 b059 

  0x00000214e9f2d6ac: ;   {metadata({method} {0x0000000800069738} 'loadClassOrNull' '(Ljava/lang/String;Z)Ljava/lang/Class;' in 'jdk/internal/loader/BuiltinClassLoader')}
  0x00000214e9f2d6ac: 0790 49ba | 3097 0600 | 0800 0000 | 4c89 5424 | 0848 c704 | 24ff ffff 

  0x00000214e9f2d6c4: ;   {runtime_call counter_overflow Runtime1 stub}
  0x00000214e9f2d6c4: ffe8 b6f3 

  0x00000214e9f2d6c8: ; ImmutableOopMap {rdx=Oop r8=Oop [104]=Oop }
                      ;*synchronization entry
                      ; - jdk.internal.loader.BuiltinClassLoader::loadClassOrNull@-1 (line 651)
  0x00000214e9f2d6c8: 5907 e962 

  0x00000214e9f2d6cc: ;   {runtime_call throw_null_pointer_exception Runtime1 stub}
  0x00000214e9f2d6cc: f3ff ffe8 

  0x00000214e9f2d6d0: ; ImmutableOopMap {rsi=Oop [104]=Oop [112]=Oop }
                      ;*monitorenter {reexecute=0 rethrow=0 return_oop=0}
                      ; - jdk.internal.loader.BuiltinClassLoader::loadClassOrNull@7 (line 651)
  0x00000214e9f2d6d0: ac9b 5007 | 4889 7424 | 0848 8914 

  0x00000214e9f2d6dc: ;   {runtime_call monitorenter_nofpu Runtime1 stub}
  0x00000214e9f2d6dc: 24e8 9ec9 

  0x00000214e9f2d6e0: ; ImmutableOopMap {rsi=Oop [104]=Oop [112]=Oop [200]=Oop }
                      ;*monitorenter {reexecute=0 rethrow=0 return_oop=0}
                      ; - jdk.internal.loader.BuiltinClassLoader::loadClassOrNull@7 (line 651)
  0x00000214e9f2d6e0: 5907 e932 

  0x00000214e9f2d6e4: ;   {metadata({method} {0x0000000800436a50} 'findLoadedClass' '(Ljava/lang/String;)Ljava/lang/Class;' in 'java/lang/ClassLoader')}
  0x00000214e9f2d6e4: f4ff ff49 | ba48 6a43 | 0008 0000 | 004c 8954 | 2408 48c7 | 0424 ffff 

  0x00000214e9f2d6fc: ;   {runtime_call counter_overflow Runtime1 stub}
  0x00000214e9f2d6fc: ffff e87d 

  0x00000214e9f2d700: ; ImmutableOopMap {[104]=Oop [112]=Oop [128]=Oop [200]=Oop }
                      ;*synchronization entry
                      ; - java.lang.ClassLoader::findLoadedClass@-1 (line 1284)
                      ; - jdk.internal.loader.BuiltinClassLoader::loadClassOrNull@10 (line 653)
  0x00000214e9f2d700: f359 07e9 | 58f4 ffff 

  0x00000214e9f2d708: ;   {runtime_call throw_null_pointer_exception Runtime1 stub}
  0x00000214e9f2d708: e873 9b50 

  0x00000214e9f2d70c: ; ImmutableOopMap {rax=Oop rdx=Oop [104]=Oop [112]=Oop [128]=Oop [136]=Oop [152]=Oop [200]=Oop }
                      ;*invokevirtual loader {reexecute=0 rethrow=0 return_oop=0}
                      ; - jdk.internal.loader.BuiltinClassLoader::loadClassOrNull@34 (line 662)
                      ;   {metadata({method} {0x0000000800450340} 'isModuleSystemInited' '()Z' in 'jdk/internal/misc/VM')}
  0x00000214e9f2d70c: 0749 ba38 | 0345 0008 | 0000 004c | 8954 2408 | 48c7 0424 | ffff ffff 

  0x00000214e9f2d724: ;   {runtime_call counter_overflow Runtime1 stub}
  0x00000214e9f2d724: e857 f359 

  0x00000214e9f2d728: ; ImmutableOopMap {rax=Oop rdx=Oop rsi=Oop [104]=Oop [112]=Oop [128]=Oop [136]=Oop [144]=Oop [152]=Oop [200]=Oop }
                      ;*synchronization entry
                      ; - jdk.internal.misc.VM::isModuleSystemInited@-1 (line 91)
                      ; - jdk.internal.loader.BuiltinClassLoader::loadClassOrNull@45 (line 664)
  0x00000214e9f2d728: 07e9 25f6 

  0x00000214e9f2d72c: ;   {metadata({method} {0x0000000800069e70} 'findClassInModuleOrNull' '(Ljdk/internal/loader/BuiltinClassLoader$LoadedModule;Ljava/lang/String;)Ljava/lang/Class;' in 'jdk/internal/loader/BuiltinClassLoader')}
  0x00000214e9f2d72c: ffff 49ba | 689e 0600 | 0800 0000 | 4c89 5424 | 0848 c704 | 24ff ffff 

  0x00000214e9f2d744: ;   {runtime_call counter_overflow Runtime1 stub}
  0x00000214e9f2d744: ffe8 36f3 

  0x00000214e9f2d748: ; ImmutableOopMap {rdx=Oop rax=Oop rsi=Oop [104]=Oop [112]=Oop [128]=Oop [136]=Oop [144]=Oop [152]=Oop [200]=Oop }
                      ;*synchronization entry
                      ; - jdk.internal.loader.BuiltinClassLoader::findClassInModuleOrNull@-1 (line 740)
                      ; - jdk.internal.loader.BuiltinClassLoader::loadClassOrNull@55 (line 665)
  0x00000214e9f2d748: 5907 e9fe 

  0x00000214e9f2d74c: ;   {metadata({method} {0x000000080001baa8} 'getSecurityManager' '()Ljava/lang/SecurityManager;' in 'java/lang/System')}
  0x00000214e9f2d74c: f6ff ff49 | baa0 ba01 | 0008 0000 | 004c 8954 | 2408 48c7 | 0424 ffff 

  0x00000214e9f2d764: ;   {runtime_call counter_overflow Runtime1 stub}
  0x00000214e9f2d764: ffff e815 

  0x00000214e9f2d768: ; ImmutableOopMap {rdx=Oop rax=Oop rsi=Oop [104]=Oop [112]=Oop [128]=Oop [136]=Oop [144]=Oop [152]=Oop [200]=Oop }
                      ;*synchronization entry
                      ; - java.lang.System::getSecurityManager@-1 (line 503)
                      ; - jdk.internal.loader.BuiltinClassLoader::findClassInModuleOrNull@0 (line 740)
                      ; - jdk.internal.loader.BuiltinClassLoader::loadClassOrNull@55 (line 665)
  0x00000214e9f2d768: f359 07e9 | 1cf7 ffff 

  0x00000214e9f2d770: ;   {metadata({method} {0x000000080001bbc0} 'allowSecurityManager' '()Z' in 'java/lang/System')}
  0x00000214e9f2d770: 49ba b8bb | 0100 0800 | 0000 4c89 | 5424 0848 | c704 24ff 

  0x00000214e9f2d784: ;   {runtime_call counter_overflow Runtime1 stub}
  0x00000214e9f2d784: ffff ffe8 

  0x00000214e9f2d788: ; ImmutableOopMap {rdx=Oop rax=Oop rsi=Oop [104]=Oop [112]=Oop [128]=Oop [136]=Oop [144]=Oop [152]=Oop [200]=Oop }
                      ;*synchronization entry
                      ; - java.lang.System::allowSecurityManager@-1 (line 211)
                      ; - java.lang.System::getSecurityManager@0 (line 503)
                      ; - jdk.internal.loader.BuiltinClassLoader::findClassInModuleOrNull@0 (line 740)
                      ; - jdk.internal.loader.BuiltinClassLoader::loadClassOrNull@55 (line 665)
  0x00000214e9f2d788: f4f2 5907 | e93a f7ff 

  0x00000214e9f2d790: ;   {runtime_call throw_null_pointer_exception Runtime1 stub}
  0x00000214e9f2d790: ffe8 ea9a 

  0x00000214e9f2d794: ; ImmutableOopMap {rsi=Oop [104]=Oop [112]=Oop [128]=Oop [136]=Oop [144]=Oop [152]=Oop [200]=Oop }
                      ;*invokevirtual loadClassOrNull {reexecute=0 rethrow=0 return_oop=0}
                      ; - jdk.internal.loader.BuiltinClassLoader::loadClassOrNull@66 (line 669)
                      ;   {metadata({method} {0x0000000800069f20} 'loadClassOrNull' '(Ljava/lang/String;)Ljava/lang/Class;' in 'jdk/internal/loader/BuiltinClassLoader')}
  0x00000214e9f2d794: 5007 49ba | 189f 0600 | 0800 0000 | 4c89 5424 | 0848 c704 | 24ff ffff 

  0x00000214e9f2d7ac: ;   {runtime_call counter_overflow Runtime1 stub}
  0x00000214e9f2d7ac: ffe8 cef2 

  0x00000214e9f2d7b0: ; ImmutableOopMap {rsi=Oop [104]=Oop [112]=Oop [128]=Oop [136]=Oop [144]=Oop [152]=Oop [200]=Oop }
                      ;*synchronization entry
                      ; - jdk.internal.loader.BuiltinClassLoader::loadClassOrNull@-1 (line 700)
                      ; - jdk.internal.loader.BuiltinClassLoader::loadClassOrNull@66 (line 669)
  0x00000214e9f2d7b0: 5907 e9d3 

  0x00000214e9f2d7b4: ;   {runtime_call throw_null_pointer_exception Runtime1 stub}
  0x00000214e9f2d7b4: f7ff ffe8 

  0x00000214e9f2d7b8: ; ImmutableOopMap {rsi=Oop [104]=Oop [112]=Oop [128]=Oop [136]=Oop [152]=Oop [200]=Oop }
                      ;*invokevirtual loadClassOrNull {reexecute=0 rethrow=0 return_oop=0}
                      ; - jdk.internal.loader.BuiltinClassLoader::loadClassOrNull@86 (line 676)
  0x00000214e9f2d7b8: c49a 5007 

  0x00000214e9f2d7bc: ;   {metadata({method} {0x0000000800069f20} 'loadClassOrNull' '(Ljava/lang/String;)Ljava/lang/Class;' in 'jdk/internal/loader/BuiltinClassLoader')}
  0x00000214e9f2d7bc: 49ba 189f | 0600 0800 | 0000 4c89 | 5424 0848 | c704 24ff 

  0x00000214e9f2d7d0: ;   {runtime_call counter_overflow Runtime1 stub}
  0x00000214e9f2d7d0: ffff ffe8 

  0x00000214e9f2d7d4: ; ImmutableOopMap {rsi=Oop [104]=Oop [112]=Oop [128]=Oop [136]=Oop [152]=Oop [200]=Oop }
                      ;*synchronization entry
                      ; - jdk.internal.loader.BuiltinClassLoader::loadClassOrNull@-1 (line 700)
                      ; - jdk.internal.loader.BuiltinClassLoader::loadClassOrNull@86 (line 676)
  0x00000214e9f2d7d4: a8f2 5907 | e90b f9ff 

  0x00000214e9f2d7dc: ;   {metadata({method} {0x00000008000696e0} 'hasClassPath' '()Z' in 'jdk/internal/loader/BuiltinClassLoader')}
  0x00000214e9f2d7dc: ff49 bad8 | 9606 0008 | 0000 004c | 8954 2408 | 48c7 0424 | ffff ffff 

  0x00000214e9f2d7f4: ;   {runtime_call counter_overflow Runtime1 stub}
  0x00000214e9f2d7f4: e887 f259 

  0x00000214e9f2d7f8: ; ImmutableOopMap {rdx=Oop rsi=Oop [104]=Oop [112]=Oop [128]=Oop [152]=Oop [200]=Oop }
                      ;*synchronization entry
                      ; - jdk.internal.loader.BuiltinClassLoader::hasClassPath@-1 (line 223)
                      ; - jdk.internal.loader.BuiltinClassLoader::loadClassOrNull@97 (line 680)
  0x00000214e9f2d7f8: 07e9 a6fa 

  0x00000214e9f2d7fc: ;   {metadata({method} {0x0000000800450340} 'isModuleSystemInited' '()Z' in 'jdk/internal/misc/VM')}
  0x00000214e9f2d7fc: ffff 49ba | 3803 4500 | 0800 0000 | 4c89 5424 | 0848 c704 | 24ff ffff 

  0x00000214e9f2d814: ;   {runtime_call counter_overflow Runtime1 stub}
  0x00000214e9f2d814: ffe8 66f2 

  0x00000214e9f2d818: ; ImmutableOopMap {rdx=Oop rsi=Oop [104]=Oop [112]=Oop [128]=Oop [152]=Oop [200]=Oop }
                      ;*synchronization entry
                      ; - jdk.internal.misc.VM::isModuleSystemInited@-1 (line 91)
                      ; - jdk.internal.loader.BuiltinClassLoader::loadClassOrNull@103 (line 680)
  0x00000214e9f2d818: 5907 e963 

  0x00000214e9f2d81c: ;   {metadata({method} {0x00000008004369a0} 'resolveClass' '(Ljava/lang/Class;)V' in 'java/lang/ClassLoader')}
  0x00000214e9f2d81c: fbff ff49 | ba98 6943 | 0008 0000 | 004c 8954 | 2408 48c7 | 0424 ffff 

  0x00000214e9f2d834: ;   {runtime_call counter_overflow Runtime1 stub}
  0x00000214e9f2d834: ffff e845 

  0x00000214e9f2d838: ; ImmutableOopMap {rsi=Oop [104]=Oop [112]=Oop [128]=Oop [200]=Oop }
                      ;*synchronization entry
                      ; - java.lang.ClassLoader::resolveClass@-1 (line 1223)
                      ; - jdk.internal.loader.BuiltinClassLoader::loadClassOrNull@128 (line 688)
  0x00000214e9f2d838: f259 07e9 | d7fc ffff | 488d 8424 | c000 0000 | 4889 0424 

  0x00000214e9f2d84c: ;   {runtime_call monitorexit_nofpu Runtime1 stub}
  0x00000214e9f2d84c: e8af ce59 | 07e9 25fd 

  0x00000214e9f2d854: ;   {internal_word}
  0x00000214e9f2d854: ffff 49ba | 86d5 f2e9 | 1402 0000 | 4d89 9790 

  0x00000214e9f2d864: ;   {runtime_call SafepointBlob}
  0x00000214e9f2d864: 0300 00e9 | 94ee 4b07 

  0x00000214e9f2d86c: ;   {metadata(NULL)}
  0x00000214e9f2d86c: 48ba 0000 | 0000 0000 | 0000 b800 

  0x00000214e9f2d878: ;   {runtime_call load_klass_patching Runtime1 stub}
  0x00000214e9f2d878: 0f05 0ae8 

  0x00000214e9f2d87c: ; ImmutableOopMap {[104]=Oop [112]=Oop [128]=Oop [184]=Oop [200]=Oop }
                      ;*new {reexecute=1 rethrow=0 return_oop=0}
                      ; - (reexecute) java.lang.ClassLoader::resolveClass@4 (line 1224)
                      ; - jdk.internal.loader.BuiltinClassLoader::loadClassOrNull@128 (line 688)
  0x00000214e9f2d87c: 80db 5907 | e91b fdff | ff48 8bd2 

  0x00000214e9f2d888: ;   {runtime_call fast_new_instance Runtime1 stub}
  0x00000214e9f2d888: e873 9a59 

  0x00000214e9f2d88c: ; ImmutableOopMap {[104]=Oop [112]=Oop [128]=Oop [184]=Oop [200]=Oop }
                      ;*new {reexecute=0 rethrow=0 return_oop=0}
                      ; - java.lang.ClassLoader::resolveClass@4 (line 1224)
                      ; - jdk.internal.loader.BuiltinClassLoader::loadClassOrNull@128 (line 688)
  0x00000214e9f2d88c: 07e9 6afd | ffff 488d | 8424 c000 | 0000 4889 

  0x00000214e9f2d89c: ;   {runtime_call monitorexit_nofpu Runtime1 stub}
  0x00000214e9f2d89c: 0424 e85d | ce59 07e9 | dcfd ffff | 498b 8728 | 0400 0049 | c787 2804 | 0000 0000 | 0000 49c7 
  0x00000214e9f2d8bc: 8730 0400 | 0000 0000 | 0048 81c4 | e000 0000 

  0x00000214e9f2d8cc: ;   {runtime_call unwind_exception Runtime1 stub}
  0x00000214e9f2d8cc: 5de9 aea8 | 5007 f4f4 | f4f4 f4f4 
[Stub Code]
  0x00000214e9f2d8d8: ;   {no_reloc}
  0x00000214e9f2d8d8: 0f1f 4400 

  0x00000214e9f2d8dc: ;   {static_stub}
  0x00000214e9f2d8dc: 0048 bba8 | 4f01 0008 

  0x00000214e9f2d8e4: ;   {runtime_call I2C/C2I adapters}
  0x00000214e9f2d8e4: 0000 00e9 | 6bd1 4b07 

  0x00000214e9f2d8ec: ;   {static_stub}
  0x00000214e9f2d8ec: 9048 bb00 | 0000 0000 

  0x00000214e9f2d8f4: ;   {runtime_call}
  0x00000214e9f2d8f4: 0000 00e9 | fbff ffff 

  0x00000214e9f2d8fc: ;   {static_stub}
  0x00000214e9f2d8fc: 9048 bb00 | 0000 0000 

  0x00000214e9f2d904: ;   {runtime_call}
  0x00000214e9f2d904: 0000 00e9 | fbff ffff 
[Exception Handler]
  0x00000214e9f2d90c: ;   {runtime_call handle_exception_from_callee Runtime1 stub}
  0x00000214e9f2d90c: e8ef b459 

  0x00000214e9f2d910: ;   {external_word}
  0x00000214e9f2d910: 0748 b9b0 | 23f3 4ef8 | 7f00 0048 

  0x00000214e9f2d91c: ;   {runtime_call}
  0x00000214e9f2d91c: 83e4 f048 | b820 16bf | 4ef8 7f00 | 00ff d0f4 
[Deopt Handler Code]
  0x00000214e9f2d92c: ;   {section_word}
  0x00000214e9f2d92c: 49ba 2cd9 | f2e9 1402 | 0000 4152 

  0x00000214e9f2d938: ;   {runtime_call DeoptimizationBlob}
  0x00000214e9f2d938: e963 024c 

  0x00000214e9f2d93c: ;   {static_stub}
  0x00000214e9f2d93c: 0748 bb00 | 0000 0000 

  0x00000214e9f2d944: ;   {runtime_call}
  0x00000214e9f2d944: 0000 00e9 | fbff ffff 

  0x00000214e9f2d94c: ;   {static_stub}
  0x00000214e9f2d94c: 48bb 509b | 0600 0800 

  0x00000214e9f2d954: ;   {runtime_call I2C/C2I adapters}
  0x00000214e9f2d954: 0000 e9fc 

  0x00000214e9f2d958: ;   {static_stub}
  0x00000214e9f2d958: d04b 0748 | bb00 0000 | 0000 0000 

  0x00000214e9f2d964: ;   {runtime_call}
  0x00000214e9f2d964: 00e9 fbff 

  0x00000214e9f2d968: ;   {static_stub}
  0x00000214e9f2d968: ffff 48bb | c09e 0600 | 0800 0000 

  0x00000214e9f2d974: ;   {runtime_call I2C/C2I adapters}
  0x00000214e9f2d974: e9de d04b 

  0x00000214e9f2d978: ;   {static_stub}
  0x00000214e9f2d978: 0748 bb00 | 0000 0000 

  0x00000214e9f2d980: ;   {runtime_call}
  0x00000214e9f2d980: 0000 00e9 | fbff ffff 

  0x00000214e9f2d988: ;   {static_stub}
  0x00000214e9f2d988: 48bb 0000 | 0000 0000 

  0x00000214e9f2d990: ;   {runtime_call}
  0x00000214e9f2d990: 0000 e9fb | ffff fff4 
[/MachCode]


---------------  P R O C E S S  ---------------

Threads class SMR info:
_java_thread_list=0x000002148a46aac0, length=16, elements={
0x00000214e1db9f80, 0x00000214fdff9060, 0x00000214fdffa9a0, 0x00000214fdffe0f0,
0x00000214fe000b30, 0x00000214fe001560, 0x00000214fe001f90, 0x00000214fe003c10,
0x00000214fe06e5a0, 0x00000214fe1673e0, 0x00000214fe17fbe0, 0x00000214fe1844e0,
0x00000214fe184a40, 0x00000214fe1087c0, 0x00000214fe3bd840, 0x00000214fe3babc0
}

Java Threads: ( => current thread )
=>0x00000214e1db9f80 JavaThread "main" [_thread_in_vm, id=21660, stack(0x000000dfcdc00000,0x000000dfcdd00000)]
  0x00000214fdff9060 JavaThread "Reference Handler" daemon [_thread_blocked, id=6220, stack(0x000000dfce300000,0x000000dfce400000)]
  0x00000214fdffa9a0 JavaThread "Finalizer" daemon [_thread_blocked, id=9692, stack(0x000000dfce400000,0x000000dfce500000)]
  0x00000214fdffe0f0 JavaThread "Signal Dispatcher" daemon [_thread_blocked, id=30560, stack(0x000000dfce500000,0x000000dfce600000)]
  0x00000214fe000b30 JavaThread "Attach Listener" daemon [_thread_blocked, id=17732, stack(0x000000dfce600000,0x000000dfce700000)]
  0x00000214fe001560 JavaThread "Service Thread" daemon [_thread_blocked, id=29772, stack(0x000000dfce700000,0x000000dfce800000)]
  0x00000214fe001f90 JavaThread "Monitor Deflation Thread" daemon [_thread_blocked, id=17068, stack(0x000000dfce800000,0x000000dfce900000)]
  0x00000214fe003c10 JavaThread "C2 CompilerThread0" daemon [_thread_blocked, id=29768, stack(0x000000dfce900000,0x000000dfcea00000)]
  0x00000214fe06e5a0 JavaThread "C1 CompilerThread0" daemon [_thread_blocked, id=16160, stack(0x000000dfcea00000,0x000000dfceb00000)]
  0x00000214fe1673e0 JavaThread "JDWP Transport Listener: dt_socket" daemon [_thread_blocked, id=3220, stack(0x000000dfceb00000,0x000000dfcec00000)]
  0x00000214fe17fbe0 JavaThread "JDWP Event Helper Thread" daemon [_thread_blocked, id=29200, stack(0x000000dfcec00000,0x000000dfced00000)]
  0x00000214fe1844e0 JavaThread "JDWP Command Reader" daemon [_thread_in_native, id=26096, stack(0x000000dfced00000,0x000000dfcee00000)]
  0x00000214fe184a40 JavaThread "Notification Thread" daemon [_thread_blocked, id=1192, stack(0x000000dfcee00000,0x000000dfcef00000)]
  0x00000214fe1087c0 JavaThread "Common-Cleaner" daemon [_thread_blocked, id=30308, stack(0x000000dfcf000000,0x000000dfcf100000)]
  0x00000214fe3bd840 JavaThread "C2 CompilerThread1" daemon [_thread_blocked, id=8776, stack(0x000000dfcf200000,0x000000dfcf300000)]
  0x00000214fe3babc0 JavaThread "C2 CompilerThread2" daemon [_thread_blocked, id=13220, stack(0x000000dfcf300000,0x000000dfcf400000)]

Other Threads:
  0x00000214fb74d070 VMThread "VM Thread" [stack: 0x000000dfce200000,0x000000dfce300000] [id=29056]
  0x00000214fe185fc0 WatcherThread "VM Periodic Task Thread" [stack: 0x000000dfcef00000,0x000000dfcf000000] [id=15560]
  0x00000214fb580700 WorkerThread "GC Thread#0" [stack: 0x000000dfcdd00000,0x000000dfcde00000] [id=26440]
  0x00000214e1e4bba0 ConcurrentGCThread "G1 Main Marker" [stack: 0x000000dfcde00000,0x000000dfcdf00000] [id=24588]
  0x00000214e1e4d440 WorkerThread "G1 Conc#0" [stack: 0x000000dfcdf00000,0x000000dfce000000] [id=30380]
  0x00000214fb6183d0 ConcurrentGCThread "G1 Refine#0" [stack: 0x000000dfce000000,0x000000dfce100000] [id=25116]
  0x00000214fb61ab90 ConcurrentGCThread "G1 Service" [stack: 0x000000dfce100000,0x000000dfce200000] [id=26860]

Threads with active compile tasks:

VM state: not at safepoint (normal execution)

VM Mutex/Monitor currently owned by a thread:  ([mutex/lock_event])
[0x00000214df962240] Metaspace_lock - owner thread: 0x00000214e1db9f80

Heap address: 0x0000000683000000, size: 6096 MB, Compressed Oops mode: Zero based, Oop shift amount: 3

CDS archive(s) mapped at: [0x0000000800000000-0x0000000800c60000-0x0000000800c60000), size 12976128, SharedBaseAddress: 0x0000000800000000, ArchiveRelocationMode: 0.
Compressed class space mapped at: 0x0000000801000000-0x0000000841000000, reserved size: 1073741824
Narrow klass base: 0x0000000800000000, Narrow klass shift: 0, Narrow klass range: 0x100000000

GC Precious Log:
 CardTable entry size: 512
 Card Set container configuration: InlinePtr #cards 4 size 8 Array Of Cards #cards 32 size 80 Howl #buckets 8 coarsen threshold 7372 Howl Bitmap #cards 1024 size 144 coarsen threshold 921 Card regions per heap region 1 cards per card region 8192
 CPUs: 8 total, 8 available
 Memory: 24375M
 Large Page Support: Disabled
 NUMA Support: Disabled
 Compressed Oops: Enabled (Zero based)
 Heap Region Size: 4M
 Heap Min Capacity: 8M
 Heap Initial Capacity: 384M
 Heap Max Capacity: 6096M
 Pre-touch: Disabled
 Parallel Workers: 8
 Concurrent Workers: 2
 Concurrent Refinement Workers: 8
 Periodic GC: Disabled

Heap:
 garbage-first heap   total 393216K, used 16384K [0x0000000683000000, 0x0000000800000000)
  region size 4096K, 5 young (20480K), 0 survivors (0K)
 Metaspace       used 2700K, committed 2880K, reserved 1114112K
  class space    used 252K, committed 384K, reserved 1048576K

Heap Regions: E=young(eden), S=young(survivor), O=old, HS=humongous(starts), HC=humongous(continues), CS=collection set, F=free, OA=open archive, CA=closed archive, TAMS=top-at-mark-start, PB=parsable bottom
|   0|0x0000000683000000, 0x0000000683000000, 0x0000000683400000|  0%| F|  |TAMS 0x0000000683000000| PB 0x0000000683000000| Untracked 
|   1|0x0000000683400000, 0x0000000683400000, 0x0000000683800000|  0%| F|  |TAMS 0x0000000683400000| PB 0x0000000683400000| Untracked 
|   2|0x0000000683800000, 0x0000000683800000, 0x0000000683c00000|  0%| F|  |TAMS 0x0000000683800000| PB 0x0000000683800000| Untracked 
|   3|0x0000000683c00000, 0x0000000683c00000, 0x0000000684000000|  0%| F|  |TAMS 0x0000000683c00000| PB 0x0000000683c00000| Untracked 
|   4|0x0000000684000000, 0x0000000684000000, 0x0000000684400000|  0%| F|  |TAMS 0x0000000684000000| PB 0x0000000684000000| Untracked 
|   5|0x0000000684400000, 0x0000000684400000, 0x0000000684800000|  0%| F|  |TAMS 0x0000000684400000| PB 0x0000000684400000| Untracked 
|   6|0x0000000684800000, 0x0000000684800000, 0x0000000684c00000|  0%| F|  |TAMS 0x0000000684800000| PB 0x0000000684800000| Untracked 
|   7|0x0000000684c00000, 0x0000000684c00000, 0x0000000685000000|  0%| F|  |TAMS 0x0000000684c00000| PB 0x0000000684c00000| Untracked 
|   8|0x0000000685000000, 0x0000000685000000, 0x0000000685400000|  0%| F|  |TAMS 0x0000000685000000| PB 0x0000000685000000| Untracked 
|   9|0x0000000685400000, 0x0000000685400000, 0x0000000685800000|  0%| F|  |TAMS 0x0000000685400000| PB 0x0000000685400000| Untracked 
|  10|0x0000000685800000, 0x0000000685800000, 0x0000000685c00000|  0%| F|  |TAMS 0x0000000685800000| PB 0x0000000685800000| Untracked 
|  11|0x0000000685c00000, 0x0000000685c00000, 0x0000000686000000|  0%| F|  |TAMS 0x0000000685c00000| PB 0x0000000685c00000| Untracked 
|  12|0x0000000686000000, 0x0000000686000000, 0x0000000686400000|  0%| F|  |TAMS 0x0000000686000000| PB 0x0000000686000000| Untracked 
|  13|0x0000000686400000, 0x0000000686400000, 0x0000000686800000|  0%| F|  |TAMS 0x0000000686400000| PB 0x0000000686400000| Untracked 
|  14|0x0000000686800000, 0x0000000686800000, 0x0000000686c00000|  0%| F|  |TAMS 0x0000000686800000| PB 0x0000000686800000| Untracked 
|  15|0x0000000686c00000, 0x0000000686c00000, 0x0000000687000000|  0%| F|  |TAMS 0x0000000686c00000| PB 0x0000000686c00000| Untracked 
|  16|0x0000000687000000, 0x0000000687000000, 0x0000000687400000|  0%| F|  |TAMS 0x0000000687000000| PB 0x0000000687000000| Untracked 
|  17|0x0000000687400000, 0x0000000687400000, 0x0000000687800000|  0%| F|  |TAMS 0x0000000687400000| PB 0x0000000687400000| Untracked 
|  18|0x0000000687800000, 0x0000000687800000, 0x0000000687c00000|  0%| F|  |TAMS 0x0000000687800000| PB 0x0000000687800000| Untracked 
|  19|0x0000000687c00000, 0x0000000687c00000, 0x0000000688000000|  0%| F|  |TAMS 0x0000000687c00000| PB 0x0000000687c00000| Untracked 
|  20|0x0000000688000000, 0x0000000688000000, 0x0000000688400000|  0%| F|  |TAMS 0x0000000688000000| PB 0x0000000688000000| Untracked 
|  21|0x0000000688400000, 0x0000000688400000, 0x0000000688800000|  0%| F|  |TAMS 0x0000000688400000| PB 0x0000000688400000| Untracked 
|  22|0x0000000688800000, 0x0000000688800000, 0x0000000688c00000|  0%| F|  |TAMS 0x0000000688800000| PB 0x0000000688800000| Untracked 
|  23|0x0000000688c00000, 0x0000000688c00000, 0x0000000689000000|  0%| F|  |TAMS 0x0000000688c00000| PB 0x0000000688c00000| Untracked 
|  24|0x0000000689000000, 0x0000000689000000, 0x0000000689400000|  0%| F|  |TAMS 0x0000000689000000| PB 0x0000000689000000| Untracked 
|  25|0x0000000689400000, 0x0000000689400000, 0x0000000689800000|  0%| F|  |TAMS 0x0000000689400000| PB 0x0000000689400000| Untracked 
|  26|0x0000000689800000, 0x0000000689800000, 0x0000000689c00000|  0%| F|  |TAMS 0x0000000689800000| PB 0x0000000689800000| Untracked 
|  27|0x0000000689c00000, 0x0000000689c00000, 0x000000068a000000|  0%| F|  |TAMS 0x0000000689c00000| PB 0x0000000689c00000| Untracked 
|  28|0x000000068a000000, 0x000000068a000000, 0x000000068a400000|  0%| F|  |TAMS 0x000000068a000000| PB 0x000000068a000000| Untracked 
|  29|0x000000068a400000, 0x000000068a400000, 0x000000068a800000|  0%| F|  |TAMS 0x000000068a400000| PB 0x000000068a400000| Untracked 
|  30|0x000000068a800000, 0x000000068a800000, 0x000000068ac00000|  0%| F|  |TAMS 0x000000068a800000| PB 0x000000068a800000| Untracked 
|  31|0x000000068ac00000, 0x000000068ac00000, 0x000000068b000000|  0%| F|  |TAMS 0x000000068ac00000| PB 0x000000068ac00000| Untracked 
|  32|0x000000068b000000, 0x000000068b000000, 0x000000068b400000|  0%| F|  |TAMS 0x000000068b000000| PB 0x000000068b000000| Untracked 
|  33|0x000000068b400000, 0x000000068b400000, 0x000000068b800000|  0%| F|  |TAMS 0x000000068b400000| PB 0x000000068b400000| Untracked 
|  34|0x000000068b800000, 0x000000068b800000, 0x000000068bc00000|  0%| F|  |TAMS 0x000000068b800000| PB 0x000000068b800000| Untracked 
|  35|0x000000068bc00000, 0x000000068bc00000, 0x000000068c000000|  0%| F|  |TAMS 0x000000068bc00000| PB 0x000000068bc00000| Untracked 
|  36|0x000000068c000000, 0x000000068c000000, 0x000000068c400000|  0%| F|  |TAMS 0x000000068c000000| PB 0x000000068c000000| Untracked 
|  37|0x000000068c400000, 0x000000068c400000, 0x000000068c800000|  0%| F|  |TAMS 0x000000068c400000| PB 0x000000068c400000| Untracked 
|  38|0x000000068c800000, 0x000000068c800000, 0x000000068cc00000|  0%| F|  |TAMS 0x000000068c800000| PB 0x000000068c800000| Untracked 
|  39|0x000000068cc00000, 0x000000068cc00000, 0x000000068d000000|  0%| F|  |TAMS 0x000000068cc00000| PB 0x000000068cc00000| Untracked 
|  40|0x000000068d000000, 0x000000068d000000, 0x000000068d400000|  0%| F|  |TAMS 0x000000068d000000| PB 0x000000068d000000| Untracked 
|  41|0x000000068d400000, 0x000000068d400000, 0x000000068d800000|  0%| F|  |TAMS 0x000000068d400000| PB 0x000000068d400000| Untracked 
|  42|0x000000068d800000, 0x000000068d800000, 0x000000068dc00000|  0%| F|  |TAMS 0x000000068d800000| PB 0x000000068d800000| Untracked 
|  43|0x000000068dc00000, 0x000000068dc00000, 0x000000068e000000|  0%| F|  |TAMS 0x000000068dc00000| PB 0x000000068dc00000| Untracked 
|  44|0x000000068e000000, 0x000000068e000000, 0x000000068e400000|  0%| F|  |TAMS 0x000000068e000000| PB 0x000000068e000000| Untracked 
|  45|0x000000068e400000, 0x000000068e400000, 0x000000068e800000|  0%| F|  |TAMS 0x000000068e400000| PB 0x000000068e400000| Untracked 
|  46|0x000000068e800000, 0x000000068e800000, 0x000000068ec00000|  0%| F|  |TAMS 0x000000068e800000| PB 0x000000068e800000| Untracked 
|  47|0x000000068ec00000, 0x000000068ec00000, 0x000000068f000000|  0%| F|  |TAMS 0x000000068ec00000| PB 0x000000068ec00000| Untracked 
|  48|0x000000068f000000, 0x000000068f000000, 0x000000068f400000|  0%| F|  |TAMS 0x000000068f000000| PB 0x000000068f000000| Untracked 
|  49|0x000000068f400000, 0x000000068f400000, 0x000000068f800000|  0%| F|  |TAMS 0x000000068f400000| PB 0x000000068f400000| Untracked 
|  50|0x000000068f800000, 0x000000068f800000, 0x000000068fc00000|  0%| F|  |TAMS 0x000000068f800000| PB 0x000000068f800000| Untracked 
|  51|0x000000068fc00000, 0x000000068fc00000, 0x0000000690000000|  0%| F|  |TAMS 0x000000068fc00000| PB 0x000000068fc00000| Untracked 
|  52|0x0000000690000000, 0x0000000690000000, 0x0000000690400000|  0%| F|  |TAMS 0x0000000690000000| PB 0x0000000690000000| Untracked 
|  53|0x0000000690400000, 0x0000000690400000, 0x0000000690800000|  0%| F|  |TAMS 0x0000000690400000| PB 0x0000000690400000| Untracked 
|  54|0x0000000690800000, 0x0000000690800000, 0x0000000690c00000|  0%| F|  |TAMS 0x0000000690800000| PB 0x0000000690800000| Untracked 
|  55|0x0000000690c00000, 0x0000000690c00000, 0x0000000691000000|  0%| F|  |TAMS 0x0000000690c00000| PB 0x0000000690c00000| Untracked 
|  56|0x0000000691000000, 0x0000000691000000, 0x0000000691400000|  0%| F|  |TAMS 0x0000000691000000| PB 0x0000000691000000| Untracked 
|  57|0x0000000691400000, 0x0000000691400000, 0x0000000691800000|  0%| F|  |TAMS 0x0000000691400000| PB 0x0000000691400000| Untracked 
|  58|0x0000000691800000, 0x0000000691800000, 0x0000000691c00000|  0%| F|  |TAMS 0x0000000691800000| PB 0x0000000691800000| Untracked 
|  59|0x0000000691c00000, 0x0000000691c00000, 0x0000000692000000|  0%| F|  |TAMS 0x0000000691c00000| PB 0x0000000691c00000| Untracked 
|  60|0x0000000692000000, 0x0000000692000000, 0x0000000692400000|  0%| F|  |TAMS 0x0000000692000000| PB 0x0000000692000000| Untracked 
|  61|0x0000000692400000, 0x0000000692400000, 0x0000000692800000|  0%| F|  |TAMS 0x0000000692400000| PB 0x0000000692400000| Untracked 
|  62|0x0000000692800000, 0x0000000692800000, 0x0000000692c00000|  0%| F|  |TAMS 0x0000000692800000| PB 0x0000000692800000| Untracked 
|  63|0x0000000692c00000, 0x0000000692c00000, 0x0000000693000000|  0%| F|  |TAMS 0x0000000692c00000| PB 0x0000000692c00000| Untracked 
|  64|0x0000000693000000, 0x0000000693000000, 0x0000000693400000|  0%| F|  |TAMS 0x0000000693000000| PB 0x0000000693000000| Untracked 
|  65|0x0000000693400000, 0x0000000693400000, 0x0000000693800000|  0%| F|  |TAMS 0x0000000693400000| PB 0x0000000693400000| Untracked 
|  66|0x0000000693800000, 0x0000000693800000, 0x0000000693c00000|  0%| F|  |TAMS 0x0000000693800000| PB 0x0000000693800000| Untracked 
|  67|0x0000000693c00000, 0x0000000693c00000, 0x0000000694000000|  0%| F|  |TAMS 0x0000000693c00000| PB 0x0000000693c00000| Untracked 
|  68|0x0000000694000000, 0x0000000694000000, 0x0000000694400000|  0%| F|  |TAMS 0x0000000694000000| PB 0x0000000694000000| Untracked 
|  69|0x0000000694400000, 0x0000000694400000, 0x0000000694800000|  0%| F|  |TAMS 0x0000000694400000| PB 0x0000000694400000| Untracked 
|  70|0x0000000694800000, 0x0000000694800000, 0x0000000694c00000|  0%| F|  |TAMS 0x0000000694800000| PB 0x0000000694800000| Untracked 
|  71|0x0000000694c00000, 0x0000000694c00000, 0x0000000695000000|  0%| F|  |TAMS 0x0000000694c00000| PB 0x0000000694c00000| Untracked 
|  72|0x0000000695000000, 0x0000000695000000, 0x0000000695400000|  0%| F|  |TAMS 0x0000000695000000| PB 0x0000000695000000| Untracked 
|  73|0x0000000695400000, 0x0000000695400000, 0x0000000695800000|  0%| F|  |TAMS 0x0000000695400000| PB 0x0000000695400000| Untracked 
|  74|0x0000000695800000, 0x0000000695800000, 0x0000000695c00000|  0%| F|  |TAMS 0x0000000695800000| PB 0x0000000695800000| Untracked 
|  75|0x0000000695c00000, 0x0000000695c00000, 0x0000000696000000|  0%| F|  |TAMS 0x0000000695c00000| PB 0x0000000695c00000| Untracked 
|  76|0x0000000696000000, 0x0000000696000000, 0x0000000696400000|  0%| F|  |TAMS 0x0000000696000000| PB 0x0000000696000000| Untracked 
|  77|0x0000000696400000, 0x0000000696400000, 0x0000000696800000|  0%| F|  |TAMS 0x0000000696400000| PB 0x0000000696400000| Untracked 
|  78|0x0000000696800000, 0x0000000696800000, 0x0000000696c00000|  0%| F|  |TAMS 0x0000000696800000| PB 0x0000000696800000| Untracked 
|  79|0x0000000696c00000, 0x0000000696c00000, 0x0000000697000000|  0%| F|  |TAMS 0x0000000696c00000| PB 0x0000000696c00000| Untracked 
|  80|0x0000000697000000, 0x0000000697000000, 0x0000000697400000|  0%| F|  |TAMS 0x0000000697000000| PB 0x0000000697000000| Untracked 
|  81|0x0000000697400000, 0x0000000697400000, 0x0000000697800000|  0%| F|  |TAMS 0x0000000697400000| PB 0x0000000697400000| Untracked 
|  82|0x0000000697800000, 0x0000000697800000, 0x0000000697c00000|  0%| F|  |TAMS 0x0000000697800000| PB 0x0000000697800000| Untracked 
|  83|0x0000000697c00000, 0x0000000697c00000, 0x0000000698000000|  0%| F|  |TAMS 0x0000000697c00000| PB 0x0000000697c00000| Untracked 
|  84|0x0000000698000000, 0x0000000698000000, 0x0000000698400000|  0%| F|  |TAMS 0x0000000698000000| PB 0x0000000698000000| Untracked 
|  85|0x0000000698400000, 0x0000000698400000, 0x0000000698800000|  0%| F|  |TAMS 0x0000000698400000| PB 0x0000000698400000| Untracked 
|  86|0x0000000698800000, 0x0000000698800000, 0x0000000698c00000|  0%| F|  |TAMS 0x0000000698800000| PB 0x0000000698800000| Untracked 
|  87|0x0000000698c00000, 0x0000000698c00000, 0x0000000699000000|  0%| F|  |TAMS 0x0000000698c00000| PB 0x0000000698c00000| Untracked 
|  88|0x0000000699000000, 0x0000000699000000, 0x0000000699400000|  0%| F|  |TAMS 0x0000000699000000| PB 0x0000000699000000| Untracked 
|  89|0x0000000699400000, 0x0000000699400000, 0x0000000699800000|  0%| F|  |TAMS 0x0000000699400000| PB 0x0000000699400000| Untracked 
|  90|0x0000000699800000, 0x0000000699800000, 0x0000000699c00000|  0%| F|  |TAMS 0x0000000699800000| PB 0x0000000699800000| Untracked 
|  91|0x0000000699c00000, 0x0000000699d43998, 0x000000069a000000| 31%| E|  |TAMS 0x0000000699c00000| PB 0x0000000699c00000| Complete 
|  92|0x000000069a000000, 0x000000069a400000, 0x000000069a400000|100%| E|CS|TAMS 0x000000069a000000| PB 0x000000069a000000| Complete 
|  93|0x000000069a400000, 0x000000069a800000, 0x000000069a800000|100%| E|CS|TAMS 0x000000069a400000| PB 0x000000069a400000| Complete 
|  94|0x000000069a800000, 0x000000069ac00000, 0x000000069ac00000|100%| E|CS|TAMS 0x000000069a800000| PB 0x000000069a800000| Complete 
|  95|0x000000069ac00000, 0x000000069b000000, 0x000000069b000000|100%| E|CS|TAMS 0x000000069ac00000| PB 0x000000069ac00000| Complete 

Card table byte_map: [0x00000214f9d70000,0x00000214fa960000] _byte_map_base: 0x00000214f6958000

Marking Bits: (CMBitMap*) 0x00000214e1e3f680
 Bits: [0x0000021480000000, 0x0000021485f40000)

Polling page: 0x00000214dfc40000

Metaspace:

Usage:
  Non-class:      2.39 MB used.
      Class:    252.88 KB used.
       Both:      2.64 MB used.

Virtual space:
  Non-class space:       64.00 MB reserved,       2.44 MB (  4%) committed,  1 nodes.
      Class space:        1.00 GB reserved,     384.00 KB ( <1%) committed,  1 nodes.
             Both:        1.06 GB reserved,       2.81 MB ( <1%) committed. 

Chunk freelists:
   Non-Class:  3.11 MB
       Class:  3.61 MB
        Both:  6.72 MB

MaxMetaspaceSize: unlimited
CompressedClassSpaceSize: 1.00 GB
Initial GC threshold: 21.00 MB
Current GC threshold: 21.00 MB
CDS: on
MetaspaceReclaimPolicy: balanced
 - commit_granule_bytes: 65536.
 - commit_granule_words: 8192.
 - virtual_space_node_default_size: 8388608.
 - enlarge_chunks_in_place: 1.
 - new_chunks_are_fully_committed: 0.
 - uncommit_free_chunks: 1.
 - use_allocation_guard: 0.


Internal statistics:

num_allocs_failed_limit: 0.
num_arena_births: 76.
num_arena_deaths: 0.
num_vsnodes_births: 2.
num_vsnodes_deaths: 0.
num_space_committed: 45.
num_space_uncommitted: 0.
num_chunks_returned_to_freelist: 0.
num_chunks_taken_from_freelist: 153.
num_chunk_merges: 0.
num_chunk_splits: 83.
num_chunks_enlarged: 31.
num_inconsistent_stats: 0.

CodeHeap 'non-profiled nmethods': size=120000Kb used=289Kb max_used=289Kb free=119710Kb
 bounds [0x00000214f1920000, 0x00000214f1b90000, 0x00000214f8e50000]
CodeHeap 'profiled nmethods': size=120000Kb used=1162Kb max_used=1162Kb free=118837Kb
 bounds [0x00000214e9e50000, 0x00000214ea0c0000, 0x00000214f1380000]
CodeHeap 'non-nmethods': size=5760Kb used=1566Kb max_used=1611Kb free=4194Kb
 bounds [0x00000214f1380000, 0x00000214f15f0000, 0x00000214f1920000]
 total_blobs=1135 nmethods=691 adapters=355
 compilation: enabled
              stopped_count=0, restarted_count=0
 full_count=0

Compilation events (20 events):
Event: 0.686 Thread 0x00000214fe003c10  683   !   4       java.util.zip.ZipFile$Source::getEntryPos (195 bytes)
Event: 0.691 Thread 0x00000214fe3bd840 nmethod 682 0x00000214f1963b10 code [0x00000214f1963c80, 0x00000214f1963ed0]
Event: 0.691 Thread 0x00000214fe3bd840  684 %     4       java.lang.StringLatin1::replace @ 79 (198 bytes)
Event: 0.692 Thread 0x00000214fe06e5a0  686       3       java.lang.ClassLoader::getClassLoadingLock (35 bytes)
Event: 0.693 Thread 0x00000214fe06e5a0 nmethod 686 0x00000214e9f71190 code [0x00000214e9f71340, 0x00000214e9f71648]
Event: 0.693 Thread 0x00000214fe06e5a0  687       3       jdk.internal.loader.BuiltinClassLoader::findLoadedModule (33 bytes)
Event: 0.693 Thread 0x00000214fe06e5a0 nmethod 687 0x00000214e9f71790 code [0x00000214e9f719a0, 0x00000214e9f72018]
Event: 0.696 Thread 0x00000214fe3bd840 nmethod 684% 0x00000214f1963f90 code [0x00000214f1964120, 0x00000214f1964558]
Event: 0.697 Thread 0x00000214fe3bd840  688       4       java.util.zip.ZipFile$Source::getEntryHash (7 bytes)
Event: 0.698 Thread 0x00000214fe3bd840 nmethod 688 0x00000214f1964710 code [0x00000214f1964880, 0x00000214f1964948]
Event: 0.698 Thread 0x00000214fe003c10 nmethod 683 0x00000214f1964a10 code [0x00000214f1964c00, 0x00000214f19653c0]
Event: 0.698 Thread 0x00000214fe3bd840  689       4       java.util.zip.ZipFile$Source::getEntryNext (9 bytes)
Event: 0.699 Thread 0x00000214fe3babc0 nmethod 681 0x00000214f1965c90 code [0x00000214f1965ea0, 0x00000214f1966b20]
Event: 0.699 Thread 0x00000214fe06e5a0  690       3       java.lang.System$2::findBootstrapClassOrNull (5 bytes)
Event: 0.699 Thread 0x00000214fe06e5a0 nmethod 690 0x00000214e9f72290 code [0x00000214e9f72440, 0x00000214e9f72658]
Event: 0.699 Thread 0x00000214fe06e5a0  691       3       java.lang.ClassLoader::findBootstrapClassOrNull (14 bytes)
Event: 0.700 Thread 0x00000214fe06e5a0 nmethod 691 0x00000214e9f72790 code [0x00000214e9f72940, 0x00000214e9f72b00]
Event: 0.700 Thread 0x00000214fe003c10  685   !   4       jdk.internal.loader.URLClassPath$JarLoader::getResource (65 bytes)
Event: 0.701 Thread 0x00000214fe3bd840 nmethod 689 0x00000214f1967710 code [0x00000214f1967880, 0x00000214f1967958]
Event: 0.705 Thread 0x00000214fe003c10 nmethod 685 0x00000214f1967a10 code [0x00000214f1967c00, 0x00000214f1967fb8]

GC Heap History (0 events):
No events

Dll operation events (7 events):
Event: 0.014 Loaded shared library C:\Program Files\Java\jdk-20\bin\java.dll
Event: 0.052 Loaded shared library C:\Program Files\Java\jdk-20\bin\jsvml.dll
Event: 0.300 Loaded shared library C:\Program Files\Java\jdk-20\bin\net.dll
Event: 0.301 Loaded shared library C:\Program Files\Java\jdk-20\bin\nio.dll
Event: 0.310 Loaded shared library C:\Program Files\Java\jdk-20\bin\extnet.dll
Event: 0.344 Loaded shared library C:\Program Files\Java\jdk-20\bin\zip.dll
Event: 0.501 Loaded shared library C:\Program Files\Java\jdk-20\bin\jimage.dll

Deoptimization events (20 events):
Event: 0.201 Thread 0x00000214e1db9f80 DEOPT PACKING pc=0x00000214e9e5ac5a sp=0x000000dfcdcfe250
Event: 0.201 Thread 0x00000214e1db9f80 DEOPT UNPACKING pc=0x00000214f13ee462 sp=0x000000dfcdcfd670 mode 0
Event: 0.288 Thread 0x00000214e1db9f80 Uncommon trap: trap_request=0xffffff45 fr.pc=0x00000214f19211f0 relative=0x0000000000000070
Event: 0.288 Thread 0x00000214e1db9f80 Uncommon trap: reason=unstable_if action=reinterpret pc=0x00000214f19211f0 method=java.lang.String.isLatin1()Z @ 10 c2
Event: 0.288 Thread 0x00000214e1db9f80 DEOPT PACKING pc=0x00000214f19211f0 sp=0x000000dfcdcfe6c0
Event: 0.288 Thread 0x00000214e1db9f80 DEOPT UNPACKING pc=0x00000214f139d2a2 sp=0x000000dfcdcfe660 mode 2
Event: 0.288 Thread 0x00000214e1db9f80 Uncommon trap: trap_request=0xffffff45 fr.pc=0x00000214f1921548 relative=0x00000000000000c8
Event: 0.288 Thread 0x00000214e1db9f80 Uncommon trap: reason=unstable_if action=reinterpret pc=0x00000214f1921548 method=java.lang.String.isLatin1()Z @ 10 c2
Event: 0.288 Thread 0x00000214e1db9f80 DEOPT PACKING pc=0x00000214f1921548 sp=0x000000dfcdcff0d0
Event: 0.288 Thread 0x00000214e1db9f80 DEOPT UNPACKING pc=0x00000214f139d2a2 sp=0x000000dfcdcff020 mode 2
Event: 0.298 Thread 0x00000214e1db9f80 DEOPT PACKING pc=0x00000214e9e575c5 sp=0x000000dfcdcfca90
Event: 0.298 Thread 0x00000214e1db9f80 DEOPT UNPACKING pc=0x00000214f13ee462 sp=0x000000dfcdcfbf08 mode 0
Event: 0.471 Thread 0x00000214e1db9f80 DEOPT PACKING pc=0x00000214e9e86047 sp=0x000000dfcdcfc8a0
Event: 0.471 Thread 0x00000214e1db9f80 DEOPT UNPACKING pc=0x00000214f13ee462 sp=0x000000dfcdcfbd38 mode 0
Event: 0.531 Thread 0x00000214e1db9f80 DEOPT PACKING pc=0x00000214e9e8d61b sp=0x000000dfcdcfcf40
Event: 0.531 Thread 0x00000214e1db9f80 DEOPT UNPACKING pc=0x00000214f13ee462 sp=0x000000dfcdcfc3f0 mode 0
Event: 0.663 Thread 0x00000214e1db9f80 DEOPT PACKING pc=0x00000214e9e60b81 sp=0x000000dfcdcf9b60
Event: 0.663 Thread 0x00000214e1db9f80 DEOPT UNPACKING pc=0x00000214f13ee462 sp=0x000000dfcdcf8fc0 mode 0
Event: 0.684 Thread 0x00000214e1db9f80 DEOPT PACKING pc=0x00000214e9e5ceae sp=0x000000dfcdcfd240
Event: 0.684 Thread 0x00000214e1db9f80 DEOPT UNPACKING pc=0x00000214f13ee462 sp=0x000000dfcdcfc6e0 mode 0

Classes loaded (20 events):
Event: 0.624 Loading class java/io/FilePermissionCollection$1
Event: 0.624 Loading class java/io/FilePermissionCollection$1 done
Event: 0.624 Loading class java/security/PermissionsEnumerator
Event: 0.624 Loading class java/security/PermissionsEnumerator done
Event: 0.624 Loading class java/security/AccessControlException
Event: 0.624 Loading class java/security/AccessControlException done
Event: 0.656 Loading class java/net/MalformedURLException
Event: 0.657 Loading class java/net/MalformedURLException done
Event: 0.667 Loading class java/util/concurrent/atomic/AtomicBoolean
Event: 0.667 Loading class java/util/concurrent/atomic/AtomicBoolean done
Event: 0.681 Loading class java/util/concurrent/atomic/AtomicReference
Event: 0.681 Loading class java/util/concurrent/atomic/AtomicReference done
Event: 0.683 Loading class java/lang/NumberFormatException
Event: 0.683 Loading class java/lang/NumberFormatException done
Event: 0.690 Loading class java/lang/InterruptedException
Event: 0.690 Loading class java/lang/InterruptedException done
Event: 0.690 Loading class java/util/concurrent/TimeoutException
Event: 0.690 Loading class java/util/concurrent/TimeoutException done
Event: 0.702 Loading class java/lang/IllegalAccessError
Event: 0.702 Loading class java/lang/IllegalAccessError done

Classes unloaded (0 events):
No events

Classes redefined (0 events):
No events

Internal exceptions (5 events):
Event: 0.316 Thread 0x00000214e1db9f80 Exception <a 'java/lang/NoSuchMethodError'{0x000000069ae2aaa0}: 'void java.lang.invoke.DirectMethodHandle$Holder.invokeStatic(java.lang.Object, java.lang.Object)'> (0x000000069ae2aaa0) 
thrown [s\open\src\hotspot\share\interpreter\linkResolver.cpp, line 773]
Event: 0.613 Thread 0x00000214e1db9f80 Exception <a 'java/lang/ClassNotFoundException'{0x000000069a2b71f0}: javax/smartcardio/CardPermission> (0x000000069a2b71f0) 
thrown [s\open\src\hotspot\share\classfile\systemDictionary.cpp, line 305]
Event: 0.621 Thread 0x00000214e1db9f80 Exception <a 'java/io/FileNotFoundException'{0x000000069a2c59b0}> (0x000000069a2c59b0) 
thrown [s\open\src\hotspot\share\prims\jni.cpp, line 519]
Event: 0.653 Thread 0x00000214e1db9f80 Exception <a 'java/lang/NoSuchMethodError'{0x000000069a3ac2b0}: 'java.lang.Object java.lang.invoke.DirectMethodHandle$Holder.invokeSpecial(java.lang.Object, java.lang.Object, java.lang.Object, long, java.lang.Object)'> (0x000000069a3ac2b0) 
thrown [s\open\src\hotspot\share\interpreter\linkResolver.cpp, line 773]
Event: 0.654 Thread 0x00000214e1db9f80 Exception <a 'java/lang/NoSuchMethodError'{0x000000069a3afc00}: 'java.lang.Object java.lang.invoke.Invokers$Holder.linkToTargetMethod(java.lang.Object, long, java.lang.Object, java.lang.Object)'> (0x000000069a3afc00) 
thrown [s\open\src\hotspot\share\interpreter\linkResolver.cpp, line 773]

VM Operations (8 events):
Event: 0.357 Executing VM operation: HandshakeAllThreads
Event: 0.358 Executing VM operation: HandshakeAllThreads done
Event: 0.496 Executing VM operation: HandshakeAllThreads
Event: 0.496 Executing VM operation: HandshakeAllThreads done
Event: 0.528 Executing VM operation: HandshakeAllThreads
Event: 0.528 Executing VM operation: HandshakeAllThreads done
Event: 0.683 Executing VM operation: HandshakeAllThreads
Event: 0.683 Executing VM operation: HandshakeAllThreads done

Events (16 events):
Event: 0.053 Thread 0x00000214e1db9f80 Thread added: 0x00000214e1db9f80
Event: 0.068 Thread 0x00000214fdff9060 Thread added: 0x00000214fdff9060
Event: 0.068 Thread 0x00000214fdffa9a0 Thread added: 0x00000214fdffa9a0
Event: 0.068 Thread 0x00000214fdffe0f0 Thread added: 0x00000214fdffe0f0
Event: 0.069 Thread 0x00000214fe000b30 Thread added: 0x00000214fe000b30
Event: 0.069 Thread 0x00000214fe001560 Thread added: 0x00000214fe001560
Event: 0.069 Thread 0x00000214fe001f90 Thread added: 0x00000214fe001f90
Event: 0.069 Thread 0x00000214fe003c10 Thread added: 0x00000214fe003c10
Event: 0.072 Thread 0x00000214fe06e5a0 Thread added: 0x00000214fe06e5a0
Event: 0.230 Thread 0x00000214fe1673e0 Thread added: 0x00000214fe1673e0
Event: 0.230 Thread 0x00000214fe17fbe0 Thread added: 0x00000214fe17fbe0
Event: 0.231 Thread 0x00000214fe1844e0 Thread added: 0x00000214fe1844e0
Event: 0.287 Thread 0x00000214fe184a40 Thread added: 0x00000214fe184a40
Event: 0.292 Thread 0x00000214fe1087c0 Thread added: 0x00000214fe1087c0
Event: 0.394 Thread 0x00000214fe3bd840 Thread added: 0x00000214fe3bd840
Event: 0.594 Thread 0x00000214fe3babc0 Thread added: 0x00000214fe3babc0


Dynamic libraries:
0x00007ff7b00f0000 - 0x00007ff7b0100000 	C:\Program Files\Java\jdk-20\bin\java.exe
0x00007ff91e140000 - 0x00007ff91e3a8000 	C:\WINDOWS\SYSTEM32\ntdll.dll
0x00007ff91cdd0000 - 0x00007ff91ce99000 	C:\WINDOWS\System32\KERNEL32.DLL
0x00007ff91ad80000 - 0x00007ff91b171000 	C:\WINDOWS\System32\KERNELBASE.dll
0x00007ff91b3f0000 - 0x00007ff91b53b000 	C:\WINDOWS\System32\ucrtbase.dll
0x00007ff8e82a0000 - 0x00007ff8e82b9000 	C:\Program Files\Java\jdk-20\bin\jli.dll
0x00007ff8e82c0000 - 0x00007ff8e82db000 	C:\Program Files\Java\jdk-20\bin\VCRUNTIME140.dll
0x00007ff91deb0000 - 0x00007ff91df64000 	C:\WINDOWS\System32\ADVAPI32.dll
0x00007ff91cd20000 - 0x00007ff91cdc9000 	C:\WINDOWS\System32\msvcrt.dll
0x00007ff91c080000 - 0x00007ff91c126000 	C:\WINDOWS\System32\sechost.dll
0x00007ff91ca20000 - 0x00007ff91cb38000 	C:\WINDOWS\System32\RPCRT4.dll
0x00007ff91cf30000 - 0x00007ff91d0f6000 	C:\WINDOWS\System32\USER32.dll
0x00007ff91b180000 - 0x00007ff91b1a7000 	C:\WINDOWS\System32\win32u.dll
0x00007ff8fb850000 - 0x00007ff8fbae3000 	C:\WINDOWS\WinSxS\amd64_microsoft.windows.common-controls_6595b64144ccf1df_6.0.26100.7824_none_3e0870b2e3345462\COMCTL32.dll
0x00007ff91c010000 - 0x00007ff91c03b000 	C:\WINDOWS\System32\GDI32.dll
0x00007ff91bdb0000 - 0x00007ff91bedb000 	C:\WINDOWS\System32\gdi32full.dll
0x00007ff91aa20000 - 0x00007ff91aac3000 	C:\WINDOWS\System32\msvcp_win.dll
0x00007ff913e10000 - 0x00007ff913e1b000 	C:\WINDOWS\SYSTEM32\VERSION.dll
0x00007ff91c040000 - 0x00007ff91c071000 	C:\WINDOWS\System32\IMM32.DLL
0x00007ff8fa410000 - 0x00007ff8fa41c000 	C:\Program Files\Java\jdk-20\bin\vcruntime140_1.dll
0x00007ff8e21f0000 - 0x00007ff8e227e000 	C:\Program Files\Java\jdk-20\bin\msvcp140.dll
0x00007ff84e5e0000 - 0x00007ff84f277000 	C:\Program Files\Java\jdk-20\bin\server\jvm.dll
0x00007ff8ecde0000 - 0x00007ff8ecdea000 	C:\WINDOWS\SYSTEM32\WSOCK32.dll
0x00007ff91d420000 - 0x00007ff91d494000 	C:\WINDOWS\System32\WS2_32.dll
0x00007ff913e40000 - 0x00007ff913e75000 	C:\WINDOWS\SYSTEM32\WINMM.dll
0x00007ff9197c0000 - 0x00007ff9197db000 	C:\WINDOWS\SYSTEM32\kernel.appcore.dll
0x00007ff8f4cd0000 - 0x00007ff8f4cda000 	C:\Program Files\Java\jdk-20\bin\jimage.dll
0x00007ff9183a0000 - 0x00007ff9185e2000 	C:\WINDOWS\SYSTEM32\DBGHELP.DLL
0x00007ff91c660000 - 0x00007ff91c9e6000 	C:\WINDOWS\System32\combase.dll
0x00007ff91d150000 - 0x00007ff91d227000 	C:\WINDOWS\System32\OLEAUT32.dll
0x00007ff8f2b20000 - 0x00007ff8f2b5b000 	C:\WINDOWS\SYSTEM32\dbgcore.DLL
0x00007ff91aad0000 - 0x00007ff91ab75000 	C:\WINDOWS\System32\bcryptPrimitives.dll
0x00007ff909540000 - 0x00007ff90957c000 	C:\Program Files\Java\jdk-20\bin\jdwp.dll
0x00007ff8e79c0000 - 0x00007ff8e79e6000 	C:\Program Files\Java\jdk-20\bin\java.dll
0x00007ff8a4c30000 - 0x00007ff8a4d07000 	C:\Program Files\Java\jdk-20\bin\jsvml.dll
0x00007ff91d4a0000 - 0x00007ff91dbf2000 	C:\WINDOWS\System32\SHELL32.dll
0x00007ff91ac10000 - 0x00007ff91ad7a000 	C:\WINDOWS\System32\wintypes.dll
0x00007ff91b540000 - 0x00007ff91bda3000 	C:\WINDOWS\System32\windows.storage.dll
0x00007ff91dc00000 - 0x00007ff91dcf6000 	C:\WINDOWS\System32\SHCORE.dll
0x00007ff91bee0000 - 0x00007ff91bf47000 	C:\WINDOWS\System32\shlwapi.dll
0x00007ff91a940000 - 0x00007ff91a969000 	C:\WINDOWS\SYSTEM32\profapi.dll
0x00007ff915f30000 - 0x00007ff915f3c000 	C:\Program Files\Java\jdk-20\bin\dt_socket.dll
0x00007ff9191e0000 - 0x00007ff919214000 	C:\WINDOWS\SYSTEM32\IPHLPAPI.DLL
0x00007ff919d30000 - 0x00007ff919d9b000 	C:\WINDOWS\system32\mswsock.dll
0x00007ff919280000 - 0x00007ff9193ac000 	C:\WINDOWS\SYSTEM32\DNSAPI.dll
0x00007ff91e0f0000 - 0x00007ff91e0fa000 	C:\WINDOWS\System32\NSI.dll
0x00007ff90b050000 - 0x00007ff90b05b000 	C:\Windows\System32\rasadhlp.dll
0x00007ff914a30000 - 0x00007ff914ab6000 	C:\WINDOWS\System32\fwpuclnt.dll
0x00007ff8e77d0000 - 0x00007ff8e77e3000 	C:\Program Files\Java\jdk-20\bin\net.dll
0x00007ff913b10000 - 0x00007ff913c37000 	C:\WINDOWS\SYSTEM32\WINHTTP.dll
0x00007ff8e7790000 - 0x00007ff8e77a6000 	C:\Program Files\Java\jdk-20\bin\nio.dll
0x00007ff8ea8d0000 - 0x00007ff8ea8d7000 	C:\Program Files\Java\jdk-20\bin\extnet.dll
0x00007ff8e7770000 - 0x00007ff8e7788000 	C:\Program Files\Java\jdk-20\bin\zip.dll

dbghelp: loaded successfully - version: 4.0.5 - missing functions: none
symbol engine: initialized successfully - sym options: 0x614 - pdb path: .;C:\Program Files\Java\jdk-20\bin;C:\WINDOWS\SYSTEM32;C:\WINDOWS\WinSxS\amd64_microsoft.windows.common-controls_6595b64144ccf1df_6.0.26100.7824_none_3e0870b2e3345462;C:\Program Files\Java\jdk-20\bin\server

VM Arguments:
jvm_args: -agentlib:jdwp=transport=dt_socket,server=n,suspend=y,address=localhost:55197 -XX:+ShowCodeDetailsInExceptionMessages 
java_command: com.agrifarms.common.AgriFarmsCommonServiceApplication
java_class_path (initial): D:\TX Projects\AGRIFARM\agrifarm-common-service\target\classes;C:\Users\BHARATH\.m2\repository\org\springframework\boot\spring-boot-starter-web\3.2.3\spring-boot-starter-web-3.2.3.jar;C:\Users\BHARATH\.m2\repository\org\springframework\boot\spring-boot-starter\3.2.3\spring-boot-starter-3.2.3.jar;C:\Users\BHARATH\.m2\repository\org\springframework\boot\spring-boot-starter-logging\3.2.3\spring-boot-starter-logging-3.2.3.jar;C:\Users\BHARATH\.m2\repository\ch\qos\logback\logback-classic\1.4.14\logback-classic-1.4.14.jar;C:\Users\BHARATH\.m2\repository\ch\qos\logback\logback-core\1.4.14\logback-core-1.4.14.jar;C:\Users\BHARATH\.m2\repository\org\apache\logging\log4j\log4j-to-slf4j\2.21.1\log4j-to-slf4j-2.21.1.jar;C:\Users\BHARATH\.m2\repository\org\apache\logging\log4j\log4j-api\2.21.1\log4j-api-2.21.1.jar;C:\Users\BHARATH\.m2\repository\org\slf4j\jul-to-slf4j\2.0.12\jul-to-slf4j-2.0.12.jar;C:\Users\BHARATH\.m2\repository\jakarta\annotation\jakarta.annotation-api\2.1.1\jakarta.annotation-api-2.1.1.jar;C:\Users\BHARATH\.m2\repository\org\springframework\boot\spring-boot-starter-json\3.2.3\spring-boot-starter-json-3.2.3.jar;C:\Users\BHARATH\.m2\repository\com\fasterxml\jackson\core\jackson-databind\2.15.4\jackson-databind-2.15.4.jar;C:\Users\BHARATH\.m2\repository\com\fasterxml\jackson\core\jackson-annotations\2.15.4\jackson-annotations-2.15.4.jar;C:\Users\BHARATH\.m2\repository\com\fasterxml\jackson\datatype\jackson-datatype-jdk8\2.15.4\jackson-datatype-jdk8-2.15.4.jar;C:\Users\BHARATH\.m2\repository\com\fasterxml\jackson\datatype\jackson-datatype-jsr310\2.15.4\jackson-datatype-jsr310-2.15.4.jar;C:\Users\BHARATH\.m2\repository\com\fasterxml\jackson\module\jackson-module-parameter-names\2.15.4\jackson-module-parameter-names-2.15.4.jar;C:\Users\BHARATH\.m2\repository\org\springframework\boot\spring-boot-starter-tomcat\3.2.3\spring-boot-starter-tomcat-3.2.3.jar;C:\Users\BHARATH\.m2\repository\org\apache\tomcat\embed\tomcat-embed-core\10.1.19\tomcat-embed-core-10.1.19.jar;C:\Users\BHARATH\.m2\repository\org\apache\tomcat\embed\tomcat-embed-el\10.1.19\tomcat-embed-el-10.1.19.jar;C:\Users\BHARATH\.m2\repository\org\apache\tomcat\embed\tomcat-embed-websocket\10.1.19\tomcat-embed-websocket-10.1.19.jar;C:\Users\BHARATH\.m2\repository\org\springframework\spring-web\6.1.4\spring-web-6.1.4.jar;C:\Users\BHARATH\.m2\repository\org\springframework\spring-beans\6.1.4\spring-beans-6.1.4.jar;C:\Users\BHARATH\.m2\repository\io\micrometer\micrometer-observation\1.12.3\micrometer-observation-1.12.3.jar;C:\Users\BHARATH\.m2\repository\io\micrometer\micrometer-commons\1.12.3\micrometer-commons-1.12.3.jar;C:\Users\BHARATH\.m2\repository\org\springframework\spring-webmvc\6.1.4\spring-webmvc-6.1.4.jar;C:\Users\BHARATH\.m2\repository\org\springframework\spring-context\6.1.4\spring-context-6.1.4.jar;C:\Users\BHARATH\.m2\repository\org\springframework\spring-expression\6.1.4\spring-expression-6.1.4.jar;C:\Users\BHARATH\.m2\repository\org\springframework\boot\spring-boot-devtools\3.2.3\spring-boot-devtools-3.2.3.jar;C:\Users\BHARATH\.m2\repository\org\springframework\boot\spring-boot\3.2.3\spring-boot-3.2.3.jar;C:\Users\BHARATH\.m2\repository\org\springframework\boot\spring-boot-autoconfigure\3.2.3\spring-boot-autoconfigure-3.2.3.jar;C:\Users\BHARATH\.m2\repository\org\springframework\boot\spring-boot-starter-data-jpa\3.2.3\spring-boot-starter-data-jpa-3.2.3.jar;C:\Users\BHARATH\.m2\repository\org\springframework\boot\spring-boot-starter-aop\3.2.3\spring-boot-starter-aop-3.2.3.jar;C:\Users\BHARATH\.m2\repository\org\aspectj\aspectjweaver\1.9.21\aspectjweaver-1.9.21.jar;C:\Users\BHARATH\.m2\repository\org\springframework\boot\spring-boot-starter-jdbc\3.2.3\spring-boot-starter-jdbc-3.2.3.jar;C:\Users\BHARATH\.m2\repository\com\zaxxer\HikariCP\5.0.1\HikariCP-5.0.1.jar;C:\Users\BHARATH\.m2\repository\org\springframework\spring-jdbc\6.1.4\spring-jdbc-6.1.4.jar;C:\Users\BHARATH\.m2\repository\org\hibernate\orm\hibernate-core\6.4.4.Final\hibernate-core-6.4.4.Final.jar;C:\Users\BHARATH\.m2\repository\jakarta\persistence\jakarta.persistence-api\3.1.0\jakarta.persistence-api-3.1.0.jar;C:\Users\BHARATH\.m2\repository\jakarta\transaction\jakarta.transaction-api\2.0.1\jakarta.transaction-api-2.0.1.jar;C:\Users\BHARATH\.m2\repository\org\jboss\logging\jboss-logging\3.5.3.Final\jboss-logging-3.5.3.Final.jar;C:\Users\BHARATH\.m2\repository\org\hibernate\common\hibernate-commons-annotations\6.0.6.Final\hibernate-commons-annotations-6.0.6.Final.jar;C:\Users\BHARATH\.m2\repository\io\smallrye\jandex\3.1.2\jandex-3.1.2.jar;C:\Users\BHARATH\.m2\repository\com\fasterxml\classmate\1.6.0\classmate-1.6.0.jar;C:\Users\BHARATH\.m2\repository\net\bytebuddy\byte-buddy\1.14.12\byte-buddy-1.14.12.jar;C:\Users\BHARATH\.m2\repository\org\glassfish\jaxb\jaxb-runtime\4.0.4\jaxb-runtime-4.0.4.jar;C:\Users\BHARATH\.m2\repository\org\glassfish\jaxb\jaxb-core\4.0.4\jaxb-core-4.0.4.jar;C:\Users\BHARATH\.m2\repository\org\glassfish\jaxb\txw2\4.0.4\txw2-4.0.4.jar;C:\Users\BHARATH\.m2\repository\com\sun\istack\istack-commons-runtime\4.1.2\istack-commons-runtime-4.1.2.jar;C:\Users\BHARATH\.m2\repository\jakarta\inject\jakarta.inject-api\2.0.1\jakarta.inject-api-2.0.1.jar;C:\Users\BHARATH\.m2\repository\org\antlr\antlr4-runtime\4.13.0\antlr4-runtime-4.13.0.jar;C:\Users\BHARATH\.m2\repository\org\springframework\data\spring-data-jpa\3.2.3\spring-data-jpa-3.2.3.jar;C:\Users\BHARATH\.m2\repository\org\springframework\data\spring-data-commons\3.2.3\spring-data-commons-3.2.3.jar;C:\Users\BHARATH\.m2\repository\org\springframework\spring-orm\6.1.4\spring-orm-6.1.4.jar;C:\Users\BHARATH\.m2\repository\org\springframework\spring-tx\6.1.4\spring-tx-6.1.4.jar;C:\Users\BHARATH\.m2\repository\org\springframework\spring-aspects\6.1.4\spring-aspects-6.1.4.jar;C:\Users\BHARATH\.m2\repository\org\postgresql\postgresql\42.6.1\postgresql-42.6.1.jar;C:\Users\BHARATH\.m2\repository\org\checkerframework\checker-qual\3.31.0\checker-qual-3.31.0.jar;C:\Users\BHARATH\.m2\repository\org\liquibase\liquibase-core\4.24.0\liquibase-core-4.24.0.jar;C:\Users\BHARATH\.m2\repository\com\opencsv\opencsv\5.8\opencsv-5.8.jar;C:\Users\BHARATH\.m2\repository\org\apache\commons\commons-lang3\3.13.0\commons-lang3-3.13.0.jar;C:\Users\BHARATH\.m2\repository\org\apache\commons\commons-text\1.10.0\commons-text-1.10.0.jar;C:\Users\BHARATH\.m2\repository\org\apache\commons\commons-collections4\4.4\commons-collections4-4.4.jar;C:\Users\BHARATH\.m2\repository\org\yaml\snakeyaml\2.2\snakeyaml-2.2.jar;C:\Users\BHARATH\.m2\repository\javax\xml\bind\jaxb-api\2.3.1\jaxb-api-2.3.1.jar;C:\Users\BHARATH\.m2\repository\jakarta\xml\bind\jakarta.xml.bind-api\4.0.1\jakarta.xml.bind-api-4.0.1.jar;C:\Users\BHARATH\.m2\repository\jakarta\activation\jakarta.activation-api\2.1.2\jakarta.activation-api-2.1.2.jar;C:\Users\BHARATH\.m2\repository\org\springframework\spring-core\6.1.4\spring-core-6.1.4.jar;C:\Users\BHARATH\.m2\repository\org\springframework\spring-jcl\6.1.4\spring-jcl-6.1.4.jar;C:\Users\BHARATH\.m2\repository\com\google\firebase\firebase-admin\9.2.0\firebase-admin-9.2.0.jar;C:\Users\BHARATH\.m2\repository\com\google\api-client\google-api-client\2.2.0\google-api-client-2.2.0.jar;C:\Users\BHARATH\.m2\repository\commons-codec\commons-codec\1.16.1\commons-codec-1.16.1.jar;C:\Users\BHARATH\.m2\repository\com\google\oauth-client\google-oauth-client\1.34.1\google-oauth-client-1.34.1.jar;C:\Users\BHARATH\.m2\repository\com\google\http-client\google-http-client-gson\1.42.3\google-http-client-gson-1.42.3.jar;C:\Users\BHARATH\.m2\repository\com\google\http-client\google-http-client-apache-v2\1.42.3\google-http-client-apache-v2-1.42.3.jar;C:\Users\BHARATH\.m2\repository\org\apache\httpcomponents\httpcore\4.4.16\httpcore-4.4.16.jar;C:\Users\BHARATH\.m2\repository\org\apache\httpcomponents\httpclient\4.5.14\httpclient-4.5.14.jar;C:\Users\BHARATH\.m2\repository\com\google\api-client\google-api-client-gson\2.2.0\google-api-client-gson-2.2.0.jar;C:\Users\BHARATH\.m2\repository\com\google\http-client\google-http-client\1.43.1\google-http-client-1.43.1.jar;C:\Users\BHARATH\.m2\repository\com\google\code\findbugs\jsr305\3.0.2\jsr305-3.0.2.jar;C:\Users\BHARATH\.m2\repository\com\google\errorprone\error_prone_annotations\2.18.0\error_prone_annotations-2.18.0.jar;C:\Users\BHARATH\.m2\repository\com\google\j2objc\j2objc-annotations\1.3\j2objc-annotations-1.3.jar;C:\Users\BHARATH\.m2\repository\io\opencensus\opencensus-api\0.31.1\opencensus-api-0.31.1.jar;C:\Users\BHARATH\.m2\repository\io\opencensus\opencensus-contrib-http-util\0.31.1\opencensus-contrib-http-util-0.31.1.jar;C:\Users\BHARATH\.m2\repository\com\google\api\api-common\2.12.0\api-common-2.12.0.jar;C:\Users\BHARATH\.m2\repository\com\google\auto\value\auto-value-annotations\1.10.1\auto-value-annotations-1.10.1.jar;C:\Users\BHARATH\.m2\repository\javax\annotation\javax.annotation-api\1.3.2\javax.annotation-api-1.3.2.jar;C:\Users\BHARATH\.m2\repository\com\google\auth\google-auth-library-oauth2-http\1.17.0\google-auth-library-oauth2-http-1.17.0.jar;C:\Users\BHARATH\.m2\repository\com\google\auth\google-auth-library-credentials\1.17.0\google-auth-library-credentials-1.17.0.jar;C:\Users\BHARATH\.m2\repository\com\google\cloud\google-cloud-storage\2.22.4\google-cloud-storage-2.22.4.jar;C:\Users\BHARATH\.m2\repository\com\google\guava\failureaccess\1.0.1\failureaccess-1.0.1.jar;C:\Users\BHARATH\.m2\repository\com\google\guava\listenablefuture\9999.0-empty-to-avoid-conflict-with-guava\listenablefuture-9999.0-empty-to-avoid-conflict-with-guava.jar;C:\Users\BHARATH\.m2\repository\com\google\http-client\google-http-client-jackson2\1.43.1\google-http-client-jackson2-1.43.1.jar;C:\Users\BHARATH\.m2\repository\com\google\apis\google-api-services-storage\v1-rev20230301-2.0.0\google-api-services-storage-v1-rev20230301-2.0.0.jar;C:\Users\BHARATH\.m2\repository\com\google\code\gson\gson\2.10.1\gson-2.10.1.jar;C:\Users\BHARATH\.m2\repository\com\google\cloud\google-cloud-core\2.19.0\google-cloud-core-2.19.0.jar;C:\Users\BHARATH\.m2\repository\com\google\cloud\google-cloud-core-http\2.19.0\google-cloud-core-http-2.19.0.jar;C:\Users\BHARATH\.m2\repository\com\google\http-client\google-http-client-appengine\1.43.1\google-http-client-appengine-1.43.1.jar;C:\Users\BHARATH\.m2\repository\com\google\api\gax-httpjson\0.114.0\gax-httpjson-0.114.0.jar;C:\Users\BHARATH\.m2\repository\com\google\cloud\google-cloud-core-grpc\2.19.0\google-cloud-core-grpc-2.19.0.jar;C:\Users\BHARATH\.m2\repository\com\google\api\gax\2.29.0\gax-2.29.0.jar;C:\Users\BHARATH\.m2\repository\com\google\api\gax-grpc\2.29.0\gax-grpc-2.29.0.jar;C:\Users\BHARATH\.m2\repository\io\grpc\grpc-alts\1.55.1\grpc-alts-1.55.1.jar;C:\Users\BHARATH\.m2\repository\io\grpc\grpc-grpclb\1.55.1\grpc-grpclb-1.55.1.jar;C:\Users\BHARATH\.m2\repository\org\conscrypt\conscrypt-openjdk-uber\2.5.2\conscrypt-openjdk-uber-2.5.2.jar;C:\Users\BHARATH\.m2\repository\io\grpc\grpc-auth\1.55.1\grpc-auth-1.55.1.jar;C:\Users\BHARATH\.m2\repository\io\grpc\grpc-protobuf\1.55.1\grpc-protobuf-1.55.1.jar;C:\Users\BHARATH\.m2\repository\io\grpc\grpc-protobuf-lite\1.55.1\grpc-protobuf-lite-1.55.1.jar;C:\Users\BHARATH\.m2\repository\io\grpc\grpc-context\1.55.1\grpc-context-1.55.1.jar;C:\Users\BHARATH\.m2\repository\com\google\api\grpc\proto-google-iam-v1\1.15.0\proto-google-iam-v1-1.15.0.jar;C:\Users\BHARATH\.m2\repository\com\google\protobuf\protobuf-java\3.23.2\protobuf-java-3.23.2.jar;C:\Users\BHARATH\.m2\repository\com\google\protobuf\protobuf-java-util\3.23.2\protobuf-java-util-3.23.2.jar;C:\Users\BHARATH\.m2\repository\com\google\api\grpc\proto-google-common-protos\2.20.0\proto-google-common-protos-2.20.0.jar;C:\Users\BHARATH\.m2\repository\org\threeten\threetenbp\1.6.8\threetenbp-1.6.8.jar;C:\Users\BHARATH\.m2\repository\com\google\api\grpc\proto-google-cloud-storage-v2\2.22.4-alpha\proto-google-cloud-storage-v2-2.22.4-alpha.jar;C:\Users\BHARATH\.m2\repository\com\google\api\grpc\grpc-google-cloud-storage-v2\2.22.4-alpha\grpc-google-cloud-storage-v2-2.22.4-alpha.jar;C:\Users\BHARATH\.m2\repository\com\google\api\grpc\gapic-google-cloud-storage-v2\2.22.4-alpha\gapic-google-cloud-storage-v2-2.22.4-alpha.jar;C:\Users\BHARATH\.m2\repository\com\fasterxml\jackson\core\jackson-core\2.15.4\jackson-core-2.15.4.jar;C:\Users\BHARATH\.m2\repository\io\grpc\grpc-api\1.55.1\grpc-api-1.55.1.jar;C:\Users\BHARATH\.m2\repository\io\grpc\grpc-netty-shaded\1.55.1\grpc-netty-shaded-1.55.1.jar;C:\Users\BHARATH\.m2\repository\io\perfmark\perfmark-api\0.26.0\perfmark-api-0.26.0.jar;C:\Users\BHARATH\.m2\repository\io\grpc\grpc-core\1.55.1\grpc-core-1.55.1.jar;C:\Users\BHARATH\.m2\repository\com\google\android\annotations\4.1.1.4\annotations-4.1.1.4.jar;C:\Users\BHARATH\.m2\repository\org\codehaus\mojo\animal-sniffer-annotations\1.23\animal-sniffer-annotations-1.23.jar;C:\Users\BHARATH\.m2\repository\io\grpc\grpc-stub\1.55.1\grpc-stub-1.55.1.jar;C:\Users\BHARATH\.m2\repository\io\grpc\grpc-googleapis\1.55.1\grpc-googleapis-1.55.1.jar;C:\Users\BHARATH\.m2\repository\io\grpc\grpc-xds\1.55.1\grpc-xds-1.55.1.jar;C:\Users\BHARATH\.m2\repository\io\opencensus\opencensus-proto\0.2.0\opencensus-proto-0.2.0.jar;C:\Users\BHARATH\.m2\repository\io\grpc\grpc-services\1.55.1\grpc-services-1.55.1.jar;C:\Users\BHARATH\.m2\repository\com\google\re2j\re2j\1.6\re2j-1.6.jar;C:\Users\BHARATH\.m2\repository\io\grpc\grpc-rls\1.55.1\grpc-rls-1.55.1.jar;C:\Users\BHARATH\.m2\repository\com\google\cloud\google-cloud-firestore\3.13.0\google-cloud-firestore-3.13.0.jar;C:\Users\BHARATH\.m2\repository\commons-logging\commons-logging\1.2\commons-logging-1.2.jar;C:\Users\BHARATH\.m2\repository\com\google\api\grpc\proto-google-cloud-firestore-v1\3.13.0\proto-google-cloud-firestore-v1-3.13.0.jar;C:\Users\BHARATH\.m2\repository\com\google\cloud\proto-google-cloud-firestore-bundle-v1\3.13.0\proto-google-cloud-firestore-bundle-v1-3.13.0.jar;C:\Users\BHARATH\.m2\repository\io\opencensus\opencensus-contrib-grpc-util\0.31.1\opencensus-contrib-grpc-util-0.31.1.jar;C:\Users\BHARATH\.m2\repository\com\google\guava\guava\31.1-jre\guava-31.1-jre.jar;C:\Users\BHARATH\.m2\repository\org\slf4j\slf4j-api\2.0.12\slf4j-api-2.0.12.jar;C:\Users\BHARATH\.m2\repository\io\netty\netty-codec-http\4.1.107.Final\netty-codec-http-4.1.107.Final.jar;C:\Users\BHARATH\.m2\repository\io\netty\netty-common\4.1.107.Final\netty-common-4.1.107.Final.jar;C:\Users\BHARATH\.m2\repository\io\netty\netty-buffer\4.1.107.Final\netty-buffer-4.1.107.Final.jar;C:\Users\BHARATH\.m2\repository\io\netty\netty-codec\4.1.107.Final\netty-codec-4.1.107.Final.jar;C:\Users\BHARATH\.m2\repository\io\netty\netty-handler\4.1.107.Final\netty-handler-4.1.107.Final.jar;C:\Users\BHARATH\.m2\repository\io\netty\netty-resolver\4.1.107.Final\netty-resolver-4.1.107.Final.jar;C:\Users\BHARATH\.m2\repository\io\netty\netty-transport-native-unix-common\4.1.107.Final\netty-transport-native-unix-common-4.1.107.Final.jar;C:\Users\BHARATH\.m2\repository\io\netty\netty-transport\4.1.107.Final\netty-transport-4.1.107.Final.jar;C:\Users\BHARATH\.m2\repository\org\projectlombok\lombok\1.18.30\lombok-1.18.30.jar;C:\Users\BHARATH\.m2\repository\org\springframework\boot\spring-boot-starter-mail\3.2.3\spring-boot-starter-mail-3.2.3.jar;C:\Users\BHARATH\.m2\repository\org\springframework\spring-context-support\6.1.4\spring-context-support-6.1.4.jar;C:\Users\BHARATH\.m2\repository\org\eclipse\angus\jakarta.mail\2.0.2\jakarta.mail-2.0.2.jar;C:\Users\BHARATH\.m2\repository\org\eclipse\angus\angus-activation\2.0.1\angus-activation-2.0.1.jar;C:\Users\BHARATH\.m2\repository\org\springframework\boot\spring-boot-starter-security\3.2.3\spring-boot-starter-security-3.2.3.jar;C:\Users\BHARATH\.m2\repository\org\springframework\spring-aop\6.1.4\spring-aop-6.1.4.jar;C:\Users\BHARATH\.m2\repository\org\springframework\security\spring-security-config\6.2.2\spring-security-config-6.2.2.jar;C:\Users\BHARATH\.m2\repository\org\springframework\security\spring-security-web\6.2.2\spring-security-web-6.2.2.jar;C:\Users\BHARATH\.m2\repository\org\springframework\boot\spring-boot-starter-oauth2-resource-server\3.2.3\spring-boot-starter-oauth2-resource-server-3.2.3.jar;C:\Users\BHARATH\.m2\repository\org\springframework\security\spring-security-core\6.2.2\spring-security-core-6.2.2.jar;C:\Users\BHARATH\.m2\repository\org\springframework\security\spring-security-crypto\6.2.2\spring-security-crypto-6.2.2.jar;C:\Users\BHARATH\.m2\repository\org\springframework\security\spring-security-oauth2-resource-server\6.2.2\spring-security-oauth2-resource-server-6.2.2.jar;C:\Users\BHARATH\.m2\repository\org\springframework\security\spring-security-oauth2-core\6.2.2\spring-security-oauth2-core-6.2.2.jar;C:\Users\BHARATH\.m2\repository\org\springframework\security\spring-security-oauth2-jose\6.2.2\spring-security-oauth2-jose-6.2.2.jar;C:\Users\BHARATH\.m2\repository\com\nimbusds\nimbus-jose-jwt\9.24.4\nimbus-jose-jwt-9.24.4.jar;C:\Users\BHARATH\.m2\repository\com\github\stephenc\jcip\jcip-annotations\1.0-1\jcip-annotations-1.0-1.jar;C:\Users\BHARATH\.m2\repository\software\amazon\awssdk\s3\2.20.162\s3-2.20.162.jar;C:\Users\BHARATH\.m2\repository\software\amazon\awssdk\aws-xml-protocol\2.20.162\aws-xml-protocol-2.20.162.jar;C:\Users\BHARATH\.m2\repository\software\amazon\awssdk\aws-query-protocol\2.20.162\aws-query-protocol-2.20.162.jar;C:\Users\BHARATH\.m2\repository\software\amazon\awssdk\protocol-core\2.20.162\protocol-core-2.20.162.jar;C:\Users\BHARATH\.m2\repository\software\amazon\awssdk\arns\2.20.162\arns-2.20.162.jar;C:\Users\BHARATH\.m2\repository\software\amazon\awssdk\profiles\2.20.162\profiles-2.20.162.jar;C:\Users\BHARATH\.m2\repository\software\amazon\awssdk\crt-core\2.20.162\crt-core-2.20.162.jar;C:\Users\BHARATH\.m2\repository\software\amazon\awssdk\sdk-core\2.20.162\sdk-core-2.20.162.jar;C:\Users\BHARATH\.m2\repository\org\reactivestreams\reactive-streams\1.0.4\reactive-streams-1.0.4.jar;C:\Users\BHARATH\.m2\repository\software\amazon\awssdk\auth\2.20.162\auth-2.20.162.jar;C:\Users\BHARATH\.m2\repository\software\amazon\eventstream\eventstream\1.0.1\eventstream-1.0.1.jar;C:\Users\BHARATH\.m2\repository\software\amazon\awssdk\http-client-spi\2.20.162\http-client-spi-2.20.162.jar;C:\Users\BHARATH\.m2\repository\software\amazon\awssdk\regions\2.20.162\regions-2.20.162.jar;C:\Users\BHARATH\.m2\repository\software\amazon\awssdk\annotations\2.20.162\annotations-2.20.162.jar;C:\Users\BHARATH\.m2\repository\software\amazon\awssdk\utils\2.20.162\utils-2.20.162.jar;C:\Users\BHARATH\.m2\repository\software\amazon\awssdk\aws-core\2.20.162\aws-core-2.20.162.jar;C:\Users\BHARATH\.m2\repository\software\amazon\awssdk\metrics-spi\2.20.162\metrics-spi-2.20.162.jar;C:\Users\BHARATH\.m2\repository\software\amazon\awssdk\json-utils\2.20.162\json-utils-2.20.162.jar;C:\Users\BHARATH\.m2\repository\software\amazon\awssdk\third-party-jackson-core\2.20.162\third-party-jackson-core-2.20.162.jar;C:\Users\BHARATH\.m2\repository\software\amazon\awssdk\endpoints-spi\2.20.162\endpoints-spi-2.20.162.jar;C:\Users\BHARATH\.m2\repository\software\amazon\awssdk\apache-client\2.20.162\apache-client-2.20.162.jar;C:\Users\BHARATH\.m2\repository\software\amazon\awssdk\netty-nio-client\2.20.162\netty-nio-client-2.20.162.jar;C:\Users\BHARATH\.m2\repository\io\netty\netty-codec-http2\4.1.107.Final\netty-codec-http2-4.1.107.Final.jar;C:\Users\BHARATH\.m2\repository\io\netty\netty-transport-classes-epoll\4.1.107.Final\netty-transport-classes-epoll-4.1.107.Final.jar
Launcher Type: SUN_STANDARD

[Global flags]
     intx CICompilerCount                          = 4                                         {product} {ergonomic}
     uint ConcGCThreads                            = 2                                         {product} {ergonomic}
     uint G1ConcRefinementThreads                  = 8                                         {product} {ergonomic}
   size_t G1HeapRegionSize                         = 4194304                                   {product} {ergonomic}
    uintx GCDrainStackTargetSize                   = 64                                        {product} {ergonomic}
   size_t InitialHeapSize                          = 402653184                                 {product} {ergonomic}
   size_t MarkStackSize                            = 4194304                                   {product} {ergonomic}
   size_t MaxHeapSize                              = 6392119296                                {product} {ergonomic}
   size_t MaxNewSize                               = 3833593856                                {product} {ergonomic}
   size_t MinHeapDeltaBytes                        = 4194304                                   {product} {ergonomic}
   size_t MinHeapSize                              = 8388608                                   {product} {ergonomic}
    uintx NonNMethodCodeHeapSize                   = 5839372                                {pd product} {ergonomic}
    uintx NonProfiledCodeHeapSize                  = 122909434                              {pd product} {ergonomic}
    uintx ProfiledCodeHeapSize                     = 122909434                              {pd product} {ergonomic}
    uintx ReservedCodeCacheSize                    = 251658240                              {pd product} {ergonomic}
     bool SegmentedCodeCache                       = true                                      {product} {ergonomic}
     bool ShowCodeDetailsInExceptionMessages       = true                                   {manageable} {command line}
   size_t SoftMaxHeapSize                          = 6392119296                             {manageable} {ergonomic}
     bool UseCompressedClassPointers               = true                           {product lp64_product} {ergonomic}
     bool UseCompressedOops                        = true                           {product lp64_product} {ergonomic}
     bool UseG1GC                                  = true                                      {product} {ergonomic}
     bool UseLargePagesIndividualAllocation        = false                                  {pd product} {ergonomic}

Logging:
Log output configuration:
 #0: stdout all=warning uptime,level,tags foldmultilines=false
 #1: stderr all=off uptime,level,tags foldmultilines=false

Environment Variables:
JAVA_HOME=C:\Program Files\Java\jdk-20
PATH=c:\Users\BHARATH\AppData\Roaming\Code\User\globalStorage\github.copilot-chat\debugCommand;c:\Users\BHARATH\AppData\Roaming\Code\User\globalStorage\github.copilot-chat\copilotCli;C:\Program Files\Eclipse Adoptium\jdk-21.0.6.7-hotspot\bin;C:\Python312\Scripts\;C:\Python312\;C:\Program Files\Common Files\Oracle\Java\javapath;C:\WINDOWS\system32;C:\WINDOWS;C:\WINDOWS\System32\Wbem;C:\WINDOWS\System32\WindowsPowerShell\v1.0\;C:\WINDOWS\System32\OpenSSH\;C:\Program Files\Java\jdk-20\bin;C:\Program Files\MySQL\MySQL Server 8.0\bin;C:\Program Files\Git\cmd;C:\ProgramData\chocolatey\bin;C:\Program Files\nodejs\;C:\Program Files\Eclipse Adoptium\jdk-21.0.6.7-hotspot\\bin;C:\gradle-8.13-all\gradle-8.13\bin;C:\Users\BHARATH\.local\bin;C:\Program Files\MySQL\MySQL Shell 8.0\bin\;C:\Users\BHARATH\AppData\Local\Microsoft\WindowsApps;C:\Users\BHARATH\AppData\Local\Programs\Microsoft VS Code\bin;C:\Users\BHARATH\AppData\Roaming\npm;C:\dartsdk-windows-x64-release\dart-sdk\bin;C:\flutter\bin;C:\apache-maven-3.9.12-bin\apache-maven-3.9.12\bin;C:\Users\BHARATH\AppData\Local\Programs\Antigravity IDE\bin;c:\Users\BHARATH\.vscode\extensions\vscjava.vscode-java-debug-0.59.0\bundled\scripts\noConfigScripts;c:\Users\BHARATH\.vscode\extensions\ms-python.debugpy-2026.6.0-win32-x64\bundled\scripts\noConfigScripts
USERNAME=BHARATH
LANG=en_US.UTF-8
OS=Windows_NT
PROCESSOR_IDENTIFIER=Intel64 Family 6 Model 140 Stepping 1, GenuineIntel
TMP=C:\Users\BHARATH\AppData\Local\Temp
TEMP=C:\Users\BHARATH\AppData\Local\Temp




---------------  S Y S T E M  ---------------

OS:
 Windows 11 , 64 bit Build 26100 (10.0.26100.7705)
OS uptime: 0 days 19:57 hours
Hyper-V role detected

CPU: total 8 (initial active 8) (4 cores per cpu, 2 threads per core) family 6 model 140 stepping 1 microcode 0x9a, cx8, cmov, fxsr, ht, mmx, 3dnowpref, sse, sse2, sse3, ssse3, sse4.1, sse4.2, popcnt, lzcnt, tsc, tscinvbit, avx, avx2, aes, erms, clmul, bmi1, bmi2, adx, avx512f, avx512dq, avx512cd, avx512bw, avx512vl, sha, fma, vzeroupper, avx512_vpopcntdq, avx512_vpclmulqdq, avx512_vaes, avx512_vnni, clflush, clflushopt, clwb, avx512_vbmi2, avx512_vbmi, hv, rdtscp, rdpid, fsrm, gfni, avx512_bitalg, f16c, cet_ibt, cet_ss, avx512_ifma

Memory: 4k page, system-wide physical 24375M (5897M free)
TotalPageFile size 28027M (AvailPageFile size 0M)
current process WorkingSet (physical memory assigned to process): 68M, peak: 68M
current process commit charge ("private bytes"): 488M, peak: 488M

vm_info: Java HotSpot(TM) 64-Bit Server VM (20.0.1+9-29) for windows-amd64 JRE (20.0.1+9-29), built on 2023-03-07T13:56:11Z by "mach5one" with MS VC++ 17.1 (VS2022)

END.
